File Name,Sharing Link
16803_O_L.jpg,https://drive.google.com/uc?export=view&id=1GsMvdoV2lTMx-ciORXono4JNLCkQIsHO
16803_R.jpg,https://drive.google.com/uc?export=view&id=1Vcq9n0Pq1pE5IaY1kgV6izwpyoKuRqFj
86705_O_R.jpg,https://drive.google.com/uc?export=view&id=1AhV7PBtmINnM13hRzHBTvJWkX3yeKHyf
86705_R.jpg,https://drive.google.com/uc?export=view&id=1S94JTf2TeTGRJaX9EQXkjp8eN11q4tQ2
86705_L.jpg,https://drive.google.com/uc?export=view&id=1oxCc1sX8Iyi_214YYWJTsa3VRoPR2y8W
378483_O_L.jpg,https://drive.google.com/uc?export=view&id=1xiB61LvrQrlrQwjHWECWz7TZfQKVqOV2
378483_L.jpg,https://drive.google.com/uc?export=view&id=1y6m37D6LANpSTmJqmbqSjKqMMUkRMshC
378483_R.jpg,https://drive.google.com/uc?export=view&id=1VtWq580HBjBNvw5GKMeHd0jCw82Ex_9e
382536_O_R.jpg,https://drive.google.com/uc?export=view&id=1z8apPXTCjcEBT9AuTGa6GswXa4_3AT6z
424866_O_R.jpg,https://drive.google.com/uc?export=view&id=13P_JmG3e6k4o_URTOfsqBbKlftPPVgax
424866_O_L.jpg,https://drive.google.com/uc?export=view&id=125pGiwbcilt0wIeEuUW9t74OGoXpSGIJ
424866_R.jpg,https://drive.google.com/uc?export=view&id=1UVzv0-36tQw-PmTM0oGsi2OlbZUeiKZq
424866_L.jpg,https://drive.google.com/uc?export=view&id=1R7TAmWGltuA7tGlv5fy4DZdo6ZnMhZ2u
443634_O_L.jpg,https://drive.google.com/uc?export=view&id=192WN7oFtova5GVfk6cSt3hc18a-n4QIs
443634_O_R.jpg,https://drive.google.com/uc?export=view&id=13-B_GHllA59TI9bBzP94ijr-pPGDSDLE
443634_R.jpg,https://drive.google.com/uc?export=view&id=1_dXkpT3M8_RuydbYpb13lyVWH_ikcLQ6
443634_L.jpg,https://drive.google.com/uc?export=view&id=12CCdEsvcKbx2z9C2S0oGtU9cnJX8JXv1
446660_O_R.jpg,https://drive.google.com/uc?export=view&id=1RKVN-19T2TK6_hhqK8hpKo0MdBc9JHKi
446660_O_L.jpg,https://drive.google.com/uc?export=view&id=1Qxpr1Wtqh2L7UPsj9OrXMky0E29640RV
446660_L.jpg,https://drive.google.com/uc?export=view&id=1d6OSfej6LrdMgwbhtyaIEtO_knid7H8b
446660_R.jpg,https://drive.google.com/uc?export=view&id=1LCPqJgCsMMD_awfYJmblnRrCBhVDb9Q9
461848_O_L.jpg,https://drive.google.com/uc?export=view&id=1l11obfK_MAa9xgqQ03xnIJyHVeTIkga2
461848_R.jpg,https://drive.google.com/uc?export=view&id=1-Ek2LDXDoT-kbT7HQgKE8LN4VYBiflXr
461848_L.jpg,https://drive.google.com/uc?export=view&id=12A22jKq_iYIoZkk3VfDDUrDc3DHQ9vDO
477501_L.jpg,https://drive.google.com/uc?export=view&id=1cmJKu5XqUIPi9IHLtjYOmRqS1aJhd-I0
477501_R.jpg,https://drive.google.com/uc?export=view&id=1Jj0kY2IKHhL3QJNLKb4S_1mqgI381JwI
510218_O_R.jpg,https://drive.google.com/uc?export=view&id=1SMCV7hhzlGZ59CCX6bF69oG8AW_hLEwm
510218_O_L.jpg,https://drive.google.com/uc?export=view&id=1Aokw-vZfdp92XCBHkzL4wPlfk8EB5d_o
510218_L.jpg,https://drive.google.com/uc?export=view&id=1tDVGf6x-6C1nH7cQiKhMZaz7eJQfF36T
510218_R.jpg,https://drive.google.com/uc?export=view&id=1leoY0cNuC-FlFh449tKukqp1pbe8t96T
512972_L.jpg,https://drive.google.com/uc?export=view&id=1wLvL45AvWNSra6ZpYOr6Dtoi1TZvo-3D
512972_R.jpg,https://drive.google.com/uc?export=view&id=1su6vprGNFO0rThS6S_CZgC2wSQLV-JxX
775855_O_L.jpg,https://drive.google.com/uc?export=view&id=1kXjcnQf1xueIJrAOJwX6NZTSrYREM63-
775855_O_R.jpg,https://drive.google.com/uc?export=view&id=1GjlDU8MTfzW6DtOZawZzUxJ5C6LoNgis
775855_R.jpg,https://drive.google.com/uc?export=view&id=1Y4_NWVkoQMWi3MJmqH2bx-CtXnz2vYDx
775855_L.jpg,https://drive.google.com/uc?export=view&id=1sbRl7n3oyFg4IKVK9c2x-jFwg6jwwqnC
848006_O_R.jpg,https://drive.google.com/uc?export=view&id=1mE7Dy_R_NEs1q-bid9P585H4KC55R_Mo
848006_R.jpg,https://drive.google.com/uc?export=view&id=1GTe6d6MEkyMqO26MJzZv2S46TUFpdmwf
931380_R.jpg,https://drive.google.com/uc?export=view&id=1pWYOhSsgoXslEpS4Rx4B-9w7SGnVYmKI
1014255_L.jpg,https://drive.google.com/uc?export=view&id=12vse0jJPxx3xhfBHLH5_GDeLwG0nJ_dv
1029485_R.jpg,https://drive.google.com/uc?export=view&id=1LLMRu-6k_GdiB_OnqVG-DGde78dL2-kQ
1029485_L.jpg,https://drive.google.com/uc?export=view&id=1VI5t4dyOBA_JehwApF0AAqAkWahwkSCg
1056360_R.jpg,https://drive.google.com/uc?export=view&id=1poLIJg4Br0dLTgSAzperjrqFcdV3PAay
1056360_L.jpg,https://drive.google.com/uc?export=view&id=1i0bGyA843EM-PA45qgCTr3_o2ExAIk2M
1098232_L.jpg,https://drive.google.com/uc?export=view&id=1YYnyWKG8PRIeOxAMt5KRP8NjmmXEquHj
1113697_R.jpg,https://drive.google.com/uc?export=view&id=14vdKj8wwliQQcSXTAH-BP0kg10I7LrgS
1113697_L.jpg,https://drive.google.com/uc?export=view&id=1hYoYusrHfV9JOcCQqHOY8tzAtseXJcVh
1191463_L.jpg,https://drive.google.com/uc?export=view&id=1QoG8AKySFJf30fY1PteTOvV_TJhtz6al
1290631_R.jpg,https://drive.google.com/uc?export=view&id=1qt4-Yn4KlXJ4YyK4RrR-uYV-PbMWIxmH
1623343_L.jpg,https://drive.google.com/uc?export=view&id=1PpXxXEhoFqqIWgn6MRmD_wFHRgK15N4v
1623343_R.jpg,https://drive.google.com/uc?export=view&id=1ID3ccQY8y6DFZ5l5J6XTq4iRlLVrSnK1
1625218_L.jpg,https://drive.google.com/uc?export=view&id=1FDvvRf9b-JF9iXFikTeoLay9n4tRB6QQ
1625218_R.jpg,https://drive.google.com/uc?export=view&id=1T8-ATKJ95mcOoyj1-G-P8ywL18D0xNmv
1628515_R.jpg,https://drive.google.com/uc?export=view&id=1hsFIg5CSGTVHVjDWnOYRPGKzD_KlUPtL
1628515_L.jpg,https://drive.google.com/uc?export=view&id=1VG76gQsVFLSfK2ZbK-tSL4tUMH5GbmFJ
1633387_R.jpg,https://drive.google.com/uc?export=view&id=1JYPXjLj5PJMg5SUvVNZsY15dvSjIZWih
1633387_L.jpg,https://drive.google.com/uc?export=view&id=1jIE00cJsilqw7W5DOpBgD3snqdIZNaDS
1665602_R.jpg,https://drive.google.com/uc?export=view&id=1efxoDvGnmrMMJvme2rGmbzSr_cwdqkwg
1665602_L.jpg,https://drive.google.com/uc?export=view&id=1CQMljt1C-nKVQ6R6yu91IXhCKFzPsVKS
1679961_O_R.jpg,https://drive.google.com/uc?export=view&id=1zlxzx4VuYKZTML45KnzfZIz9mvPx2ql6
1679961_O_L.jpg,https://drive.google.com/uc?export=view&id=1FLAUvJy0y-FJgsUptLXuekjM_3Kqxw4M
2023959_O_R.jpg,https://drive.google.com/uc?export=view&id=115iB_whb9EB0UV8IjyHRWNUGg20E628d
2023959_O_L.jpg,https://drive.google.com/uc?export=view&id=1SAPvEus7N0OUFHNXyVYXvbJ5vfBAHEzs
2023959_R.jpg,https://drive.google.com/uc?export=view&id=11lUvD28sJv_RY1geKA37DLZ_ElTMmD5u
2023959_L.jpg,https://drive.google.com/uc?export=view&id=1oTf0YjDt-ZDFdSfPSda8BubWg2Dycj6q
2054956_O_R.jpg,https://drive.google.com/uc?export=view&id=1kN3noz5rgToVXzbr5eGwqjDUzD_gum2V
2064262_L.jpg,https://drive.google.com/uc?export=view&id=1hPWQk93mN5rdwJLwKab01zCbi7SSbEgl
2073028_L.jpg,https://drive.google.com/uc?export=view&id=1zHyfpw0JLwx5dmYMTM7-f_SIdO9w0BM6
2073028_O_L.jpg,https://drive.google.com/uc?export=view&id=17XnhzL4ngKFl7OMV4a3UPe8mjmjxfzUn
2073028_O_R.jpg,https://drive.google.com/uc?export=view&id=1W3Vu1-_X7kkIOHSr-Mgxot2zv_izcDy8
2073028_R.jpg,https://drive.google.com/uc?export=view&id=19anScsA6UyKB598UpQYwvEX67p8iidZf
2082747_O_L.jpg,https://drive.google.com/uc?export=view&id=1NEL0OKAtf3e8-ysUqdUzUKxb4cDnF8cj
2082747_L.jpg,https://drive.google.com/uc?export=view&id=12aiQ1YGNjPrHOhHjvtmMAvOq5-dwqP0Z
2085369_O_L.jpg,https://drive.google.com/uc?export=view&id=18fmk0-CdF6_NcU875WZIucl3NcIOjRec
2085369_O_R.jpg,https://drive.google.com/uc?export=view&id=1yVYASLeJKylEiw3VtbDqQuGGkoQju9Lb
2085369_R.jpg,https://drive.google.com/uc?export=view&id=1f9SZjY27rk5KABFC9Dd-Ld2D9wkyCiIZ
2085369_L.jpg,https://drive.google.com/uc?export=view&id=1U4ru6eJFdkBofWH-tE8nRCjGt-p-DJ68
2098797_O_L.jpg,https://drive.google.com/uc?export=view&id=1uHZlEfkgLtCyCSCVakTa9Wq7p4kb-bz0
2098797_O_R.jpg,https://drive.google.com/uc?export=view&id=1-5CgwILSGTEHZ10szzG-2YLFIcOIORpz
2098797_R.jpg,https://drive.google.com/uc?export=view&id=1QhsCsXAdW1O3AlzGQZVRdRHLEArXAqk1
2098797_L.jpg,https://drive.google.com/uc?export=view&id=12ubFz41LU9voYLi6Qxk13ALcWvQO2p7p
2135344_O_L.jpg,https://drive.google.com/uc?export=view&id=1JdCSRChM5QQB7KHpqRTjoQev3th_Dxz9
2135344_L.jpg,https://drive.google.com/uc?export=view&id=1-dW6NcfYd-FTgRA4iwIL3Qi3-zWdT8D-
2164358_O_R.jpg,https://drive.google.com/uc?export=view&id=1MXjyil8rOL0VAXoU31mO85BIGiVsaMLA
2164358_O_L.jpg,https://drive.google.com/uc?export=view&id=1ufXVR6-_DktzsO4FqGb0u-pV8WtnkcLq
2164358_R.jpg,https://drive.google.com/uc?export=view&id=1deVWBFa3WHF5WPwV435qbtGh4dEYH91s
2164358_L.jpg,https://drive.google.com/uc?export=view&id=1IwyA-AkL61VRZe0ogL3eaI7JJIwezfDU
2170106_O_L.jpg,https://drive.google.com/uc?export=view&id=1K36Z27FMUXQW7w4TtM-NifDCzCjd7-jb
2170106_L.jpg,https://drive.google.com/uc?export=view&id=1Rp7N65NzqPzHfV5AbdbJYH3e18NWcVf7
2171004_O_L.jpg,https://drive.google.com/uc?export=view&id=1M6O6eRN0Q0-M3Eo3xaqXi_Df2HQjxjz9
2171004_L.jpg,https://drive.google.com/uc?export=view&id=1XUlupszDvnMUuGAcHhc3E3QzkBpzhJIV
2179511_O_L.jpg,https://drive.google.com/uc?export=view&id=17Sa8JmWfTc-2X2vBA8Gm-ooJZZj9WQpi
2179511_R.jpg,https://drive.google.com/uc?export=view&id=1BK4zwWA2dQ0jNlOPhWp4PzqAQn6_akJ4
2179511_L.jpg,https://drive.google.com/uc?export=view&id=1veWPyc0In-mhaT6oGYuC4bDomIBBvOu1
2531369_O_L.jpg,https://drive.google.com/uc?export=view&id=1AwiWhQvkWZcI-PTf8M87Kvox3DxDhAwU
2531369_L.jpg,https://drive.google.com/uc?export=view&id=1QFRwmGcSV6azkJdffKFoqpfEOvLgBuun
2548052_O_L.jpg,https://drive.google.com/uc?export=view&id=1vGwitZ3UGABnwOkd0prVF7BB0QFLbi6i
2548052_O_R.jpg,https://drive.google.com/uc?export=view&id=1QORM-qBo0sJpR4Cyf9bbUTzalsBceHoD
2548052_L.jpg,https://drive.google.com/uc?export=view&id=14oHzmH-yZieM18BXQYwYR86wSadz2aXM
2554203_O_L.jpg,https://drive.google.com/uc?export=view&id=16noASGht9xso4KnG3opY_5cF-HF-B7cf
2554203_O_R.jpg,https://drive.google.com/uc?export=view&id=1_v4sSaBYVNNZGUgWdRmbY2IwY3UTcKDg
2554203_R.jpg,https://drive.google.com/uc?export=view&id=1Vcd287t2MSkoruG8hmeLINUWQoGOZ40T
2554203_L.jpg,https://drive.google.com/uc?export=view&id=1agAKGeVv_ztBkKQjJABNvCS2XrfPxqb8
2555110_O_L.jpg,https://drive.google.com/uc?export=view&id=1yIEs94tf-70_-EyMzm8EswCmiy_ipeUI
2555110_L.jpg,https://drive.google.com/uc?export=view&id=1UbJX1EIH5yD7PSB_WNdCCnEm83DcqlED
2564158_O_R.jpg,https://drive.google.com/uc?export=view&id=1Pd7VPy4tUDot9BJlzIz3Txvum-GviK9B
2564158_O_L.jpg,https://drive.google.com/uc?export=view&id=1TDwA4aCaof56edbmadhYZAG_okaEPYz0
2564158_L.jpg,https://drive.google.com/uc?export=view&id=1RUmNzRQHFOpLS6fKDritBQdmZNCaeQj_
2564158_R.jpg,https://drive.google.com/uc?export=view&id=19s0BMc9hpJlYbz1w2fd4SK6u4c93tlTR
2570397_O_R.jpg,https://drive.google.com/uc?export=view&id=1bSKelXVbEIOL6bXCNoZ-PWZwn4CjLBQv
2570397_O_L.jpg,https://drive.google.com/uc?export=view&id=1uqoHiw4fcIcZOdVW4SHQsyrGE1ZR3TGO
2570397_L.jpg,https://drive.google.com/uc?export=view&id=1PGzFaDe509w0H31g8ZC7ynGrGMvhZmOD
2580524_O_R.jpg,https://drive.google.com/uc?export=view&id=18U7fnmfoDCxmwoVyUy3WDvX9GOIs-cyu
2580524_O_L.jpg,https://drive.google.com/uc?export=view&id=1Gog005eOOTXxDixH8OAnAACpMbSf9AHF
2580524_L.jpg,https://drive.google.com/uc?export=view&id=1ZywhoU853KrGYxC_sIJ49O2KI4T7ml-m
2580524_R.jpg,https://drive.google.com/uc?export=view&id=11O6YSZ27381h6Jflhd-yLh7CTTQraVvr
2581128_O_L.jpg,https://drive.google.com/uc?export=view&id=1UnvJkrutExb_4RjAt7liT3aVdhrbSmno
2581128_O_R.jpg,https://drive.google.com/uc?export=view&id=1w4LvIE3pjMXbYKP1nGTbF5bPG837mJG8
2581128_R.jpg,https://drive.google.com/uc?export=view&id=1klG6BBF0_Nn--JPJE1L3yfBnzj-SjnRr
2581128_L.jpg,https://drive.google.com/uc?export=view&id=14ALZr0gW2xWVo9rYWwIM3yIUoelKTnN0
2589766_O_R.jpg,https://drive.google.com/uc?export=view&id=1P2AiiSxLY2FquH2mzHSNq_Uc3LSnsoD1
2589766_O_L.jpg,https://drive.google.com/uc?export=view&id=18xr-VblcQr8W78Pbezp_Iili1v0Rog2b
2589766_R.jpg,https://drive.google.com/uc?export=view&id=1-X4gtltFzFBg4ZplT7lmf00Xtb5dV5QF
2783829_O_L.jpg,https://drive.google.com/uc?export=view&id=1UAGPqkrs2EXRm9cI2uaiVK5eAu0JYjxW
2783829_O_R.jpg,https://drive.google.com/uc?export=view&id=1reFLwhvX8lkea56QFCfyicMxx7hNUA6q
2783829_R.jpg,https://drive.google.com/uc?export=view&id=141EwuTGLKWh53ZcCd8ZtNpQAHIZkkvUD
2783829_L.jpg,https://drive.google.com/uc?export=view&id=1E5ZagGZo8iu5cXwbdIh9tnsQzl1_ij5y
2804283_O_L.jpg,https://drive.google.com/uc?export=view&id=1uacyXD6zYykCJk14ujrWBoh93bnuWHI_
2804283_O_R.jpg,https://drive.google.com/uc?export=view&id=1Rbb_Q6aRsZo7fPirnuFc-H0zFA9iyqab
2804283_L.jpg,https://drive.google.com/uc?export=view&id=1hvnchokAyyZfthOkGx7psG1fvIRAqoU9
2820867_O_L.jpg,https://drive.google.com/uc?export=view&id=1iEVmUen5CJ-kF-oO1lkeU8R2lY4JOJ_X
2820867_O_R.jpg,https://drive.google.com/uc?export=view&id=1lUrZsW2q-HhAKGUVnwiQUHir02XOn0Ge
2820867_L.jpg,https://drive.google.com/uc?export=view&id=1lQFQbk1tdBQtRd4gUSJWwkuhz2VMEBL3
2820867_R.jpg,https://drive.google.com/uc?export=view&id=1esa87peDF0CnRf6SwkhM_r3RVyzTfOsT
2849377_O_R.jpg,https://drive.google.com/uc?export=view&id=1MSW4a0l5Z1bKMyHbFvyhGbDYIroT9dYw
2849377_O_L.jpg,https://drive.google.com/uc?export=view&id=1xGxLtwqMWzMDU1NNPuiLnnXSgmOMeqWD
2849377_L.jpg,https://drive.google.com/uc?export=view&id=1Nq9tAv7UcW1fqvZMQYp01jORJg_i15u-
2849377_R.jpg,https://drive.google.com/uc?export=view&id=19mCdcdxGZF-O7Vf85hyKqvEGYBtjLhll
2854842_O_R.jpg,https://drive.google.com/uc?export=view&id=1cvoDBo3D4zLyra-n46EVdZUzVSI9BHFw
2854842_O_L.jpg,https://drive.google.com/uc?export=view&id=1fNnbHkIPVUpwxLfXQBIs-7jVVvxOFWOf
2854842_L.jpg,https://drive.google.com/uc?export=view&id=1s_hxacZPXgwT98Jn674D9hY3772oxnTw
2856340_O_R.jpg,https://drive.google.com/uc?export=view&id=13nu8eLmPKthA7J0CX_U7TvxFp0hXvUGF
2856340_O_L.jpg,https://drive.google.com/uc?export=view&id=1WI0UYbfCeRXyYZwprdETlzEQ5bZ9YEkw
2856340_L.jpg,https://drive.google.com/uc?export=view&id=1oEtZFZI18uCfFMrNR2zRydoJc98U2MNV
2856340_R.jpg,https://drive.google.com/uc?export=view&id=1ShNlq6UPmOvNoD_M9YNBtm6_511Mm_Rg
2858672_O_L.jpg,https://drive.google.com/uc?export=view&id=1Kxcum1VjLqnUiT3XIpwpcKp4vrPOIrtM
2858672_O_R.jpg,https://drive.google.com/uc?export=view&id=1txcF5JdCG_Df_ffeNb7OpK7higZh4zn7
2858672_R.jpg,https://drive.google.com/uc?export=view&id=17XDRk5SS0mTwQ-lKGq8db2re_0O8MVID
2858672_L.jpg,https://drive.google.com/uc?export=view&id=1-RnfFLHllcuD_eKkwTKIzt_dEq6mNai4
2860314_O_R.jpg,https://drive.google.com/uc?export=view&id=1eNpltfIfAchvCQxJGCzNGLhYVIPrTF3m
2860314_R.jpg,https://drive.google.com/uc?export=view&id=1uBcMFWqENr31lnPD8OBjd9irIPmPM1HA
2868254_O_L.jpg,https://drive.google.com/uc?export=view&id=1YHeH4MtrLguoP0v6WbnPMEcm81e8ymNU
2868254_O_R.jpg,https://drive.google.com/uc?export=view&id=11-lwJshjkgcovYiIdT47m0n8LVHAaHBi
2868254_L.jpg,https://drive.google.com/uc?export=view&id=1bL5CgfgTeswh5YkTw3hdTSJkDI8saa7K
2868254_R.jpg,https://drive.google.com/uc?export=view&id=1r0nM7PsKGko1VYAzebUUG-knj4r35kVc
2871271_O_R.jpg,https://drive.google.com/uc?export=view&id=1cAMWkNa1KKSjqjmCkYhH1CZJNCKHd-X9
2871271_O_L.jpg,https://drive.google.com/uc?export=view&id=1k6API1tPqDRwJJtVLrM0VRHfahvPscMc
2871271_L.jpg,https://drive.google.com/uc?export=view&id=12QZyRjVUVq_7g0q_EPmKMGba__EEjnk2
2871271_R.jpg,https://drive.google.com/uc?export=view&id=1JBWuiVpGZVUA6HuIzLO3mOrzNKidGzRS
2872636_R.jpg,https://drive.google.com/uc?export=view&id=11a2A-85cgvUH0siHfJtSbTofRPgTue_5
2872636_L.jpg,https://drive.google.com/uc?export=view&id=11J4gfqt83TSep9cwl9g4uPXvnTXIHiFk
2872972_O_L.jpg,https://drive.google.com/uc?export=view&id=1klGkqC6Izd_7GhBfqMBN3idC9QPsF4HF
2872972_O_R.jpg,https://drive.google.com/uc?export=view&id=123hOpB7tJJRdS-X8AjC4SLwhu_5NcSJV
2872972_R.jpg,https://drive.google.com/uc?export=view&id=1IW6hJiaR8uVQxQqsmU0Qt7ZevPn1sMKw
2872972_L.jpg,https://drive.google.com/uc?export=view&id=1rgM9ojiQZBWYiA__i2IfKzEHlh6byP7-
2876703_O_L.jpg,https://drive.google.com/uc?export=view&id=10GmAfDPSPLckPbDzWYGgzpnKyl_HUjo2
2876703_O_R.jpg,https://drive.google.com/uc?export=view&id=1dCJ0DdEn4jWakhcXF1-KWWmsc1VyJgCl
2876703_L.jpg,https://drive.google.com/uc?export=view&id=1LOlZe5_MOMrykzmvmPns_Ki6hXB3qh7u
2876703_R.jpg,https://drive.google.com/uc?export=view&id=1jEORVIgwPflZBjukws4ubjweCpt19xBB
2876770_O_R.jpg,https://drive.google.com/uc?export=view&id=1NkZoM9_rqLpAkPPwyZVw46TLmuuobZ0_
2877495_O_R.jpg,https://drive.google.com/uc?export=view&id=1IMFm6btsbEL56Szeilc3VEKuavHHttEj
2877495_O_L.jpg,https://drive.google.com/uc?export=view&id=16YLjjPw3F0RIh8n-COl_uJzHZVi0h3b3
2877495_R.jpg,https://drive.google.com/uc?export=view&id=1sonawhLVn9oDnq7rubil-p4YkzhsifNF
2877495_L.jpg,https://drive.google.com/uc?export=view&id=1-DO4UUcKGLJuDD702n87ov4fPohPxDw0
2877741_O_R.jpg,https://drive.google.com/uc?export=view&id=1bMr_D8vsc_f0l9eqrDqO1oD2OYrDqB6v
2877741_L.jpg,https://drive.google.com/uc?export=view&id=1qP-_pyJe0ZjDewEhqQoBT3fJzG9yUPFF
2877741_R.jpg,https://drive.google.com/uc?export=view&id=1SniOca_xIqc840-KP6CYhN1A-DrCbAZM
2878801_O_R.jpg,https://drive.google.com/uc?export=view&id=12jl1Te0FseHbZBCFjDb9cH7lheFskcPx
2878801_R.jpg,https://drive.google.com/uc?export=view&id=16JHQQwd277lNTxVtrIfh1AF7WET8_2qe
2879107_O_R.jpg,https://drive.google.com/uc?export=view&id=1ZvkYLo5QaLD5IZLONKiTnBm8r76OYy1m
2879107_O_L.jpg,https://drive.google.com/uc?export=view&id=1Wz5y-gwphrVULxT20asSUu0oaJUX3fpN
2879107_R.jpg,https://drive.google.com/uc?export=view&id=1zabYSzVP2_J97VeFxVoiq534xEwCGM4I
2879107_L.jpg,https://drive.google.com/uc?export=view&id=1MHmqB5Um068T90WxosHqCRWEIFKY5wOw
2879222_O_L.jpg,https://drive.google.com/uc?export=view&id=1F9zdDv2kg4w6ywF_uuJVTKFESpgjWDhO
2879222_L.jpg,https://drive.google.com/uc?export=view&id=1987nDsRziM2eACw-aC_4YltcXP23fsaN
2879592_O_R.jpg,https://drive.google.com/uc?export=view&id=1I5V8XcIpHpXCGVqfJfEbWXwZVXnLWViQ
2879592_O_L.jpg,https://drive.google.com/uc?export=view&id=1QGTPu2vRGDGzempwDkRzIrUI3QeLNVqO
2879592_R.jpg,https://drive.google.com/uc?export=view&id=1MsP-sLUzx4UCQwjGpfcD8bTIKoBrGmXQ
2879592_L.jpg,https://drive.google.com/uc?export=view&id=1YYEva7A2clVLVkpLybsb7I8wey8IwROd
2881803_O_R.jpg,https://drive.google.com/uc?export=view&id=185KCNmN7EsHM75Byhgoml797wGaRdImQ
2881803_O_L.jpg,https://drive.google.com/uc?export=view&id=1-q5MWlF3IoJT1AicToGgsPD_2Tbc7lz5
2881803_R.jpg,https://drive.google.com/uc?export=view&id=1Re0Kl8f552tnQi_2Zmo6GYlCKaDXfg-N
2881803_L.jpg,https://drive.google.com/uc?export=view&id=1oEVssdIqYB8psSfOVE7vOxWbJOwKGtJt
2882726_O_L.jpg,https://drive.google.com/uc?export=view&id=1KDvZuv1Cbm3ERJYo2xCVUVpa8rl4oZy-
2882726_L.jpg,https://drive.google.com/uc?export=view&id=1fB5RMVx7hF3w7abpGlTsG6Deau996Cwg
2882726_R.jpg,https://drive.google.com/uc?export=view&id=1s4GDeqW5MEbs2HlMpe7LFa9NJxiaA21X
2902251_O_L.jpg,https://drive.google.com/uc?export=view&id=1lFPawyhU_oadiOj5kDKHmK1YmRvgWm_d
2902251_O_R.jpg,https://drive.google.com/uc?export=view&id=1riG5DX8dWfFVqWPiFcQzdvtFlBArneir
2902251_L.jpg,https://drive.google.com/uc?export=view&id=13a4dhW7-eaBGkTJrqYZtzNYY3CBrleYM
2902251_R.jpg,https://drive.google.com/uc?export=view&id=1KdfbP26Wz42SKj6egma5Jcx28mN6hQIU
2910118_O_L.jpg,https://drive.google.com/uc?export=view&id=1RBCzF7mh1UuaHbkDn2-kI_4EVbEEbhr6
2910118_L.jpg,https://drive.google.com/uc?export=view&id=1XmbaZvYBGVJ38pN0hztBKPFQX2iYcqmi
2912214_O_L.jpg,https://drive.google.com/uc?export=view&id=1slQFXuddXSFkqSfATs3U3c5s2oRyWOVI
2912214_O_R.jpg,https://drive.google.com/uc?export=view&id=1WbKss3e8fl8xwo_6LVxgVdlOT6YqNKql
2912214_L.jpg,https://drive.google.com/uc?export=view&id=1pmpmwoo9YiQaj_hc3WMrYgaNrro4eunJ
2912214_R.jpg,https://drive.google.com/uc?export=view&id=1uI-brVlag0kqjexl_j92vgvCALI3jyd1
2928517_O_L.jpg,https://drive.google.com/uc?export=view&id=1i6Ws4PYVznW3hz0bsjg3OCgJZvEibI3t
2928517_O_R.jpg,https://drive.google.com/uc?export=view&id=15Eq6TERyMi3afEsFIoWWMVUy-Lgp6wYn
2928517_L.jpg,https://drive.google.com/uc?export=view&id=1zVGW-CYLb0Sio6061vKSCUQcGiieWira
2933605_O_L.jpg,https://drive.google.com/uc?export=view&id=1ssn5aFB5DKiASoMesLlbM9XP2ivI4ZsT
2933605_L.jpg,https://drive.google.com/uc?export=view&id=1Lsmo37yAO2BtDetKqBDuE1GTosI3qlG8
2945339_O_R.jpg,https://drive.google.com/uc?export=view&id=1RdmtFpMatroJzLmnk6pca2ABTTT0MLzL
2945339_O_L.jpg,https://drive.google.com/uc?export=view&id=1QgVU3Z6SIJ-HAvT1OVZ_W-n5ktx_jZ2_
2945339_R.jpg,https://drive.google.com/uc?export=view&id=1rohUtkkASNqmIU8lNfiVhFci0Br--D53
2945339_L.jpg,https://drive.google.com/uc?export=view&id=1uYHCuTfR08EfJYDng43NQuRNk2IGSWzy
2952017_O_L.jpg,https://drive.google.com/uc?export=view&id=1v9M4G7BU_oDq0XeDdM7HyD_24eLTg5N1
2952017_L.jpg,https://drive.google.com/uc?export=view&id=1aFiv81aypZ0h3ybOV9AwzrjlIfKgIDsW
2959485_O_R.jpg,https://drive.google.com/uc?export=view&id=17Oa_n33-7K7w-bM_MftfVK5_b9_98_50
2981711_O_R.jpg,https://drive.google.com/uc?export=view&id=1CqMVmfZ58Ihaqadyg5Yj3ybhJANT-esN
2981711_O_L.jpg,https://drive.google.com/uc?export=view&id=1FmcLtD0rE_YmEyD7in_xTjf-xxm-dzyh
2981711_R.jpg,https://drive.google.com/uc?export=view&id=10z04MzHWD2Ko6tmdCI7E1PPLIJ9YD0tM
2981711_L.jpg,https://drive.google.com/uc?export=view&id=1bSUhC_v1lGrWaIvi5rtlaztA5QtNfd1k
2987092_O_L.jpg,https://drive.google.com/uc?export=view&id=1jF_-7s59_wJQEOXT-B_hAHjtV8dYtyLh
2987092_O_R.jpg,https://drive.google.com/uc?export=view&id=1ZQirHhr-158b7V2AIQJ-EfoAT0utb-05
2987092_R.jpg,https://drive.google.com/uc?export=view&id=11pSmK-5lAJQEE-iBRTfWu1dN-X-I_43G
2987092_L.jpg,https://drive.google.com/uc?export=view&id=1-m1g3CmJ5RH3ztgLN-b9OXozVRqsWcd2
3022569_O_L.jpg,https://drive.google.com/uc?export=view&id=1-wd3K-71E8SvKpFKv6Os_bd5AzXo9OX3
3022569_O_R.jpg,https://drive.google.com/uc?export=view&id=1M-JA3XFRsKONpPNhSuriH62QJwPdvhlV
3022569_R.jpg,https://drive.google.com/uc?export=view&id=1cQZ9KuDninG-NXhyYx5P8_74ucWDalpk
3022569_L.jpg,https://drive.google.com/uc?export=view&id=1ofe8dh0PtkUbbiODhXjnggNvC4mvSr7m
3034675_O_R.jpg,https://drive.google.com/uc?export=view&id=1ZdkGuLH6xI2M3v4w4-M6laZdzw0EGbZX
3034675_O_L.jpg,https://drive.google.com/uc?export=view&id=1WgV_WJDDFjv6U_QAO9R4j2LX3Q5sR0C8
3034675_L.jpg,https://drive.google.com/uc?export=view&id=1tGXRSZZghA_7Au1Vd6Q3tZJTjsodVyc_
3034675_R.jpg,https://drive.google.com/uc?export=view&id=16XKAb16yjn45V2TAWLh18n9g6DbLfps8
3036924_O_L.jpg,https://drive.google.com/uc?export=view&id=1tljKvqitZtK1udcMNED66rUEtGTTVltu
3036924_O_R.jpg,https://drive.google.com/uc?export=view&id=1RniNrWKD2e-a24ynxxZS1KRBdfasTVmo
3036924_R.jpg,https://drive.google.com/uc?export=view&id=1cMEpSKt-Ucoecfca9q1469HWgU5PzfuS
3036924_L.jpg,https://drive.google.com/uc?export=view&id=1fN5OFAAJxir6LrusjuYSCoICMlBhdXh4
3039913_O_L.jpg,https://drive.google.com/uc?export=view&id=1_j6oz5KxMY80iMDPXXy8DzVxk9U7vbol
3039913_L.jpg,https://drive.google.com/uc?export=view&id=1Su-s98zoboNa2rdXnxPGu8Hwev_8CPnm
3224385_O_R.jpg,https://drive.google.com/uc?export=view&id=1VpPYDuko89pZ038ShP2inLolxNiHAHNI
3224385_R.jpg,https://drive.google.com/uc?export=view&id=1Fo8lOnXVMuNcEquklM_mNC1xQEAGBJC7
3400883_L.jpg,https://drive.google.com/uc?export=view&id=1t6eD60HqcfkVL1ULPLDn6pCdHnnk9pVc
3407869_O_R.jpg,https://drive.google.com/uc?export=view&id=177W7lkNeKIdeOASPYasTMvDAqJx5Z7ag
3407869_O_L.jpg,https://drive.google.com/uc?export=view&id=180BiGWYRE_Q7MDPaOhLvZMG3lXc3q6Qo
3407869_R.jpg,https://drive.google.com/uc?export=view&id=1PCDpXGL57AoSorFbjGLrKZsgORt7qehc
3407869_L.jpg,https://drive.google.com/uc?export=view&id=1TVlWm97eDi9JfC1O88mT4mMEwDuuO3t0
3409086_O_L.jpg,https://drive.google.com/uc?export=view&id=1ojR_0mNI2xOxtA0EXl2GEvLRH_LlGZLV
3409086_L.jpg,https://drive.google.com/uc?export=view&id=1BRPAMiYMqA75i7MZ5avFofIs4DqObGm1
3409086_R.jpg,https://drive.google.com/uc?export=view&id=1xbq16AE87gmFEQfgKwTIQPltLVoK_sBs
3422173_O_L.jpg,https://drive.google.com/uc?export=view&id=1vmR543JInH7YTbMlxI4BmB4D22bjy3Wq
3428090_O_R.jpg,https://drive.google.com/uc?export=view&id=10KZFx-U91pF8KGu47k4N62ZIynXaFO0y
3428090_O_L.jpg,https://drive.google.com/uc?export=view&id=1qX0rgccLrGIAwjGw4Hj7OEocMenSsAy6
3428090_L.jpg,https://drive.google.com/uc?export=view&id=1JyyP6dHSoH7G0g2y2VE0uMO4J4hGEXAC
3428090_R.jpg,https://drive.google.com/uc?export=view&id=1ZPARQeVT5VaWAbg3nF3K9SadJWC9kFH5
3430975_O_R.jpg,https://drive.google.com/uc?export=view&id=1kBDrBS-Ot7WIJAbkKSpuOP5xEAilkXhd
3430975_O_L.jpg,https://drive.google.com/uc?export=view&id=12q91zE13UxYOTMVcJUwGcboqGSZTLvBk
3430975_L.jpg,https://drive.google.com/uc?export=view&id=1jIVk29LenipIA4zsAC9DoI3Hh2W8KILA
3435030_O_L.jpg,https://drive.google.com/uc?export=view&id=1tef5r4OHWCcYWR8V1ql8GoW-e31ljyiu
3435030_O_R.jpg,https://drive.google.com/uc?export=view&id=1pwmg1D9jgbHfMrGpLoLwWRP7EAYLgHo6
3435030_R.jpg,https://drive.google.com/uc?export=view&id=1ft5EeejdSjJCizUto_6P84mKbf1cYbUL
3435030_L.jpg,https://drive.google.com/uc?export=view&id=1WuRBE4h3s12WUXJWZDG9GpjeiIQM6slW
3442781_O_L.jpg,https://drive.google.com/uc?export=view&id=1EW6ne-VgJje4nF_16fO6-61P5ZOqHUVW
3442781_O_R.jpg,https://drive.google.com/uc?export=view&id=1UMMs7JJx2ujJuI_1-yJDb9ROj6mm5LgJ
3442781_R.jpg,https://drive.google.com/uc?export=view&id=1HuYgnJZReM1qzz3aqxOeVQXnDy8Frx2Z
3442781_L.jpg,https://drive.google.com/uc?export=view&id=1xqTDp17gdHWExCQFyhhCqcb5hTncZz4L
3443801_O_R.jpg,https://drive.google.com/uc?export=view&id=141CUDxzkbQO_UIG9IG6qZSpxB7dgjwPN
3443801_R.jpg,https://drive.google.com/uc?export=view&id=1GTqUGYKC3tEDOaDjigrKshiCnrVZYTJh
3446650_O_L.jpg,https://drive.google.com/uc?export=view&id=1ZL6MM2HO5aGUr2dvuvz3lvpUPaonKHXU
3446650_O_R.jpg,https://drive.google.com/uc?export=view&id=1SwiLl8vvXu3b6y9KABl-3tp7EyGXLUQb
3446650_R.jpg,https://drive.google.com/uc?export=view&id=1IZdvFyQa0Np49W1CFoZdZe9N7xmK7qEw
3446650_L.jpg,https://drive.google.com/uc?export=view&id=1bzDLeMOGnfql_xtvOxi8Djw8NpwDWwVj
3449067_O_R.jpg,https://drive.google.com/uc?export=view&id=1DABgStwBX38J3CsVpg8_4VARKDys5cGK
3449067_R.jpg,https://drive.google.com/uc?export=view&id=1dyhLfYb5Xt5G-6vte3aIQ4pt08QJHOPg
3449067_L.jpg,https://drive.google.com/uc?export=view&id=1WCFWi-Kx5SpgGZlsGkBFDJ9oDzVTfsDX
3460834_O_R.jpg,https://drive.google.com/uc?export=view&id=1mC52v4-mZZjdNdJ7Uae1mi6iJBQPchtw
3462528_O_R.jpg,https://drive.google.com/uc?export=view&id=1JgWfmv8HruMAVj-k5g5km2Gm3xEkhlim
3462528_R.jpg,https://drive.google.com/uc?export=view&id=1Y2yzhzePBAeVxXZTef73f86QC0frkQM9
3473066_O_L.jpg,https://drive.google.com/uc?export=view&id=11oAgjR9_13tgvPY52D5fLTmHemLki8Vj
3473066_O_R.jpg,https://drive.google.com/uc?export=view&id=1RnQkStAfeogopjUimvOlnPgBx7u44sxx
3473066_R.jpg,https://drive.google.com/uc?export=view&id=1ugYCtBp37j9SI99myLF1D6umyGWccu9E
3473066_L.jpg,https://drive.google.com/uc?export=view&id=12zKgrpwIEwzE9S2MycvUQx8bJg-qAGBa
3479185_O_R.jpg,https://drive.google.com/uc?export=view&id=1X2saWljrAfkw6EcE68z8RZX1EfzXMXL7
3479185_O_L.jpg,https://drive.google.com/uc?export=view&id=1_LRPN6smlxwFZfrglC0sc5LqD0rnAJdd
3479185_L.jpg,https://drive.google.com/uc?export=view&id=1GZQArbWM0QHz1NOozlAjxxrP64XaSMrS
3479185_R.jpg,https://drive.google.com/uc?export=view&id=16HZcFEtJ9vSmEqUjF9EgQNGMxRHYM9YG
3480252_O_L.jpg,https://drive.google.com/uc?export=view&id=1sAcCubM8pYqNqtmIIyXisJ0uobxJxueC
3480252_O_R.jpg,https://drive.google.com/uc?export=view&id=1l8on4l4THeIIbyPeiPB2nce39--NSibS
3480252_R.jpg,https://drive.google.com/uc?export=view&id=1XGNOaP-nE1l-q8Lewdma-9LUmHf7n380
3480252_L.jpg,https://drive.google.com/uc?export=view&id=1aVGwjKJQ6KZWka8Z6x39A153Kp_bIbCm
3480680_O_R.jpg,https://drive.google.com/uc?export=view&id=1J0vtWdjST0R8xfrfMQ0xFGzV1MM79Y9D
3480680_R.jpg,https://drive.google.com/uc?export=view&id=1HYZOaB2AHUkj-suXOX-lNGPzxlm2b3hj
3480680_L.jpg,https://drive.google.com/uc?export=view&id=1ztcxlQjv_THfIdAR7djaUWx2H2N6wa4Z
3482798_O_L.jpg,https://drive.google.com/uc?export=view&id=1o3K7TeMoty58EW8MsfOjmM286VUwJMIa
3482798_O_R.jpg,https://drive.google.com/uc?export=view&id=1fXk4tYKAO_ryX2tjBEHSoMk79obrdlBQ
3482798_R.jpg,https://drive.google.com/uc?export=view&id=1kQw1fClMjv62mCkEfrw8Oh_bopJ6vGLb
3482798_L.jpg,https://drive.google.com/uc?export=view&id=1IXOx5yH_UEAkTHUM_7Vq7gpOFvcjz6uS
3493375_O_L.jpg,https://drive.google.com/uc?export=view&id=1ehjIxF2g7WhjwyIpqFo19ic0TIV2Jem8
3493375_O_R.jpg,https://drive.google.com/uc?export=view&id=12Yknyn743oNya2H_KuR2EjYgwdutFulW
3493375_L.jpg,https://drive.google.com/uc?export=view&id=12azBc6t6MPtWNh1s97p3VBNutEIN9Iwt
3493375_R.jpg,https://drive.google.com/uc?export=view&id=1hlh5lBO4rm1Sr5wlvhfVI3fyqiBPh3KX
3495061_O_R.jpg,https://drive.google.com/uc?export=view&id=1xwHUr2enhNNTp2FQj3gfiwWtBN0e5Uax
3495061_O_L.jpg,https://drive.google.com/uc?export=view&id=1echP1b0h1rZ6HxJSNynCPOYl5yMbHRbW
3495061_R.jpg,https://drive.google.com/uc?export=view&id=1Qyi4tNElu2q1roYqLEuLk_z-W7AJQ8-X
3495061_L.jpg,https://drive.google.com/uc?export=view&id=1-ZSZe3-xFM9Rs4A1o2nffeCdbd0e6JTK
3546950_O_L.jpg,https://drive.google.com/uc?export=view&id=1-Mr5dc63usJkwA_eNJ93Lv6sTVnFhRzU
3546950_L.jpg,https://drive.google.com/uc?export=view&id=1BnilKZo6TQtr30lKszhjnNVKMOcC_vP5
3551219_O_R.jpg,https://drive.google.com/uc?export=view&id=1KbSmL06JTpX5HH16gcMmQrurVxCqKnGH
3551219_L.jpg,https://drive.google.com/uc?export=view&id=1WhzQ7kqvsysGgvlJAkFaYL6yGvv9erGH
3551219_R.jpg,https://drive.google.com/uc?export=view&id=1WTapuRPDckqPXAKhUl-GMSiGjgJ4atVz
3554625_O_R.jpg,https://drive.google.com/uc?export=view&id=1LDXs7UhMuTeiadBXkIho4LaW5kYrDPq4
3554625_R.jpg,https://drive.google.com/uc?export=view&id=1YPGGeF8LDjJ6nLvP07N5kWw2mr0-hJz_
3565960_O_L.jpg,https://drive.google.com/uc?export=view&id=1gNnrLo85xtu8ohjMh1NKY83rFOGp4Pkh
3565960_R.jpg,https://drive.google.com/uc?export=view&id=1kixaimSkYMaowR2yk4HM_Mfa8uQ2b7Xe
3565960_L.jpg,https://drive.google.com/uc?export=view&id=16mROYIXkbLEHESBGV8Hw5J7A_j7qRRF5
3601578_O_L.jpg,https://drive.google.com/uc?export=view&id=14GqehDvRMgOhGLc7YeLTAXUm4sPJlREo
3601578_O_R.jpg,https://drive.google.com/uc?export=view&id=1nHx1F-I_bemvk13jm_SOu9YpIFUG1KbJ
3601578_R.jpg,https://drive.google.com/uc?export=view&id=1YGMBOSbncxtJTrvzxG54VojIb0rjD2Oj
3601578_L.jpg,https://drive.google.com/uc?export=view&id=1ppYWMIK48STUmuCRUeeETFP_8c01mkMI
3603373_O_R.jpg,https://drive.google.com/uc?export=view&id=1S_5axzrUrMDtwAeYxtzCjJ4ugExzezSM
3603373_O_L.jpg,https://drive.google.com/uc?export=view&id=14rmSIg8S5PvwMudL_2tYgsAIhJro7ZaU
3603373_R.jpg,https://drive.google.com/uc?export=view&id=1oUeYrGA1cAsxDgg_H_NIW9UB3xcjUofK
3603373_L.jpg,https://drive.google.com/uc?export=view&id=1zArPLFAxzpK-UmFABykQwGZ4jelAcYje
3605094_O_R.jpg,https://drive.google.com/uc?export=view&id=1LbD44hxSVEscjG4q_TpqcUw8z2V8ua9s
3605094_O_L.jpg,https://drive.google.com/uc?export=view&id=1rEDRGy4HOnqLjqOfTJx1CX5Id1ebyg3K
3605094_R.jpg,https://drive.google.com/uc?export=view&id=18cGCU-wDUUKhMCs5JBDVEDpE0LCSIptx
3605094_L.jpg,https://drive.google.com/uc?export=view&id=1qPl7r3S0Ip2vnCxjZq0ul1ZHArf3jXtc
3606128_O_R.jpg,https://drive.google.com/uc?export=view&id=1faCcHCgBqwY2RidpcFZIBud4y39bd9bP
3606128_O_L.jpg,https://drive.google.com/uc?export=view&id=1IC4KEIBmrDBWkm6Ci-i1ECQVAU2pkZEo
3606128_R.jpg,https://drive.google.com/uc?export=view&id=1THnoMKoCcbVvm0m3kLscow8xe54lVz1f
3606128_L.jpg,https://drive.google.com/uc?export=view&id=1DqxbT76THcsChIUrzbdvkw_6O2-po4No
3608398_L.jpg,https://drive.google.com/uc?export=view&id=1cBtWVbeyxsWEI3SP4hqSYo60CjIGJGhH
3608398_R.jpg,https://drive.google.com/uc?export=view&id=1rroQWScxMjrarkQsRc3kCvOb5Rod0aTi
3609755_O_R.jpg,https://drive.google.com/uc?export=view&id=1rvHfz6-uS87FNesdP5cYhY6uK2IRnoPE
3609755_O_L.jpg,https://drive.google.com/uc?export=view&id=15fGX5TRp17JGzNSDqABL-Qom7_xZRqgQ
3609755_R.jpg,https://drive.google.com/uc?export=view&id=1rP5F63AoUImmGUDdafUP6WNGSBJVM872
3609755_L.jpg,https://drive.google.com/uc?export=view&id=1d970sSIFjZiMDg8DJaklwVKMS61aiycB
3610355_O_L.jpg,https://drive.google.com/uc?export=view&id=1vg3g9yAshoH8AQ38g5UVJyyqbI3hyTLR
3610355_O_R.jpg,https://drive.google.com/uc?export=view&id=1JYKVuBf_2lxKqORTiHhKeed7zeXtjLL0
3610355_L.jpg,https://drive.google.com/uc?export=view&id=1PK8z25FojC02y1LcZWpmii3VHeilkKb6
3610355_R.jpg,https://drive.google.com/uc?export=view&id=1e1n5xbvFedKekX9_-ypufSsGIIz-l2pf
3612296_O_L.jpg,https://drive.google.com/uc?export=view&id=1GzHAW_XvclI_MWKveyZs9rixMXjPoxUD
3612296_O_R.jpg,https://drive.google.com/uc?export=view&id=1sGLQ_uY_1fJVm2KOibs-FlrCOmqzcyp_
3612296_L.jpg,https://drive.google.com/uc?export=view&id=1i2jG3xvwwDFe_BDgNfPQ2hfH0QGCvi3J
3612296_R.jpg,https://drive.google.com/uc?export=view&id=1HhQ_dyIF0gDomHnzsa8h9qipco4uipGh
3615122_O_R.jpg,https://drive.google.com/uc?export=view&id=1UKCsb6QRdchX4FCq7ypitYPQLfH2OeZt
3615122_O_L.jpg,https://drive.google.com/uc?export=view&id=169pwH58T1K1IwWT_SGRLlMfg4tpS1BKC
3615122_R.jpg,https://drive.google.com/uc?export=view&id=1MkW-IcPEz67MK0awNg-Sw_kQLsKuX7XZ
3618698_O_R.jpg,https://drive.google.com/uc?export=view&id=1GDMoi-fN5bRyzScMzC5nHAtVn50zMyo5
3621430_O_L.jpg,https://drive.google.com/uc?export=view&id=1WkGZDa85zispH7objVBQPaN-0nn0CKjG
3621430_O_R.jpg,https://drive.google.com/uc?export=view&id=1tlrXFvzlduVOkE3pKyQowbGg7bRTGnaT
3621430_R.jpg,https://drive.google.com/uc?export=view&id=1n8Q03a4LSf8t_khdORh6KP21jxe1y6cx
3621430_L.jpg,https://drive.google.com/uc?export=view&id=1cAkHA1dwZwtvgxlEetv-eqfK8C_NPWzJ
3629061_O_L.jpg,https://drive.google.com/uc?export=view&id=1-PeOaX2JLNZU5FHcsB0fyOChwqD2aH98
3629061_R.jpg,https://drive.google.com/uc?export=view&id=1aJ-Nj4AH6g4eAZgE-8hwXaJKRmiey7yH
3629061_L.jpg,https://drive.google.com/uc?export=view&id=1C07G-TlyEnsQNy7knEVMxe8ZpHBnRNJv
3632327_O_L.jpg,https://drive.google.com/uc?export=view&id=1V3gu8lu8ty46IIPRn-SDprT5zQOkuItw
3632327_O_R.jpg,https://drive.google.com/uc?export=view&id=174agskl9j-gyG4iwLp7PlU1kd16G0Na6
3632327_L.jpg,https://drive.google.com/uc?export=view&id=1BB2gUsAEyY_2Rf4Sy5WvjzMz7sSvxVn_
3632327_R.jpg,https://drive.google.com/uc?export=view&id=1mbvA2RTOKuszAUefJCR5GVKYMhRQefpl
3633742_O_L.jpg,https://drive.google.com/uc?export=view&id=1U_yuaspGpdf3SbTHk3z2sTKvfdwokk-J
3633742_O_R.jpg,https://drive.google.com/uc?export=view&id=1oAHXl7I03xls22RceYxlU-RHh7AFVcUI
3633742_R.jpg,https://drive.google.com/uc?export=view&id=19hdmCQO-6qDJMwAwe4S9FgD_sfizGXEw
3633742_L.jpg,https://drive.google.com/uc?export=view&id=1uapgaLS9-eJt1mWH2zcQ5OxDLEJOIQ55
3635656_L.jpg,https://drive.google.com/uc?export=view&id=1oazCLfI8cNAkP8M0Kk_4SXaTn_ju7pXI
3643402_R.jpg,https://drive.google.com/uc?export=view&id=1YBksWdKFfKFIhjw4fiBS2FO73eEPbYbn
3646294_O_L.jpg,https://drive.google.com/uc?export=view&id=1yIZlKlv1hPGsEZAcPRdBRN6fdcLFhLle
3651738_O_R.jpg,https://drive.google.com/uc?export=view&id=1FRB-1kx5qh3_4bPjss1aMEUR-3uuGKoP
3651738_O_L.jpg,https://drive.google.com/uc?export=view&id=1Bji_BPQAu9R7lAFKTUOzcDAi03QT80wC
3651738_L.jpg,https://drive.google.com/uc?export=view&id=1UjCZK2el3W67cO_t-lYat0fOn1ALnmo9
3651738_R.jpg,https://drive.google.com/uc?export=view&id=1IWvijuwTiMhloz5v81D24SZHdjJ8Nens
3663715_O_L.jpg,https://drive.google.com/uc?export=view&id=1rOIIMgiJ8pP2ekgnB8qIXgVAQd15clh_
3663715_L.jpg,https://drive.google.com/uc?export=view&id=12fPqtGCu_czWqpSjOs6C6pBJ2weJUWLB
3668414_O_R.jpg,https://drive.google.com/uc?export=view&id=1VLKVexEGBv7SFyJvv0ShkPw4ZtXWDD8z
3668414_O_L.jpg,https://drive.google.com/uc?export=view&id=1fke_NI8u015Frxp1fPQ-M2on67jy7pjB
3668414_L.jpg,https://drive.google.com/uc?export=view&id=12uNmXk1W7CnsqCbcqOEB6f5sQZZhfh2z
3668414_R.jpg,https://drive.google.com/uc?export=view&id=1H3s-YuCZzZ2k3w40Mz9FzWmArlrlCUcM
3674629_O_R.jpg,https://drive.google.com/uc?export=view&id=1eq9oIKFR0YS5inHnVbKStWRwoiE9h52d
3674629_O_L.jpg,https://drive.google.com/uc?export=view&id=1NXaPowG-neItthUJCif4oq2caYLlBTkF
3674629_L.jpg,https://drive.google.com/uc?export=view&id=1DSmW0F30xLVuO37-ZZCMJ1p5PTVmGA89
3674629_R.jpg,https://drive.google.com/uc?export=view&id=1Kzhu46fHWK4aYLvDRe1TaudtfjvoQnH_
3681263_O_L.jpg,https://drive.google.com/uc?export=view&id=1-7qQEnvCWjqI1WEzL476wAdpbTiA8Vh_
3681263_O_R.jpg,https://drive.google.com/uc?export=view&id=1ueZqbBXkfulgM8cqnpFQhFc2zmf_aF-2
3681263_L.jpg,https://drive.google.com/uc?export=view&id=1qtX3Q5-RuPKBxEXm8xrWFIUr8Ht_mgsP
3681263_R.jpg,https://drive.google.com/uc?export=view&id=1mUzYtIzTJM0eXtMOXt6auuKbjVwPbtfl
3682413_O_L.jpg,https://drive.google.com/uc?export=view&id=1N_VcP6JowKVBVv9BWSJNGRarugxLSiiQ
3682413_O_R.jpg,https://drive.google.com/uc?export=view&id=1MwhtOeq4WBVNO802EPSH-fK10kFcMFZz
3682413_L.jpg,https://drive.google.com/uc?export=view&id=1LfU6lMfHmgV4FDaJLSmyNLqYXUawJXtV
3682413_R.jpg,https://drive.google.com/uc?export=view&id=1bOsQoAecg4Q5kbFNcxIAW2lvd9hUVaRa
3683038_O_L.jpg,https://drive.google.com/uc?export=view&id=1GJjfyyRFrN98s9pZwRKbHL4M0FgbG2Cu
3683038_L.jpg,https://drive.google.com/uc?export=view&id=1vCgagfrcJvF6L_vSo8eMT783Y_VcrS4Z
3683038_R.jpg,https://drive.google.com/uc?export=view&id=1GNxpZlbawWyAcJ0vAxBmLJlhARgN8jjH
3687795_O_R.jpg,https://drive.google.com/uc?export=view&id=1gm51P18YdyrwRDc-5qiS_kQvXLadPbnr
3687795_O_L.jpg,https://drive.google.com/uc?export=view&id=1auNDgB8gnvv3WFCHELQFj6WjixmWJ2FV
3687795_R.jpg,https://drive.google.com/uc?export=view&id=1YHC26OpqeBfyN3MEIvVYnUa2_ClCvCPn
3687795_L.jpg,https://drive.google.com/uc?export=view&id=1BuONpPplKnuPHZD87bF_-iPD53NabXv9
3695257_O_R.jpg,https://drive.google.com/uc?export=view&id=1H4z1Z870sO61uQ8OGWk7Oo2KLwqpyXvl
3695257_O_L.jpg,https://drive.google.com/uc?export=view&id=11SIAjZ_J2cRMHSKs4lzN7EUv_bWmLxAh
3695257_R.jpg,https://drive.google.com/uc?export=view&id=1eoNhxQR7Tja0_0VH0UzE_69hzHEqZWy7
3695727_O_L.jpg,https://drive.google.com/uc?export=view&id=1yVVeKHmQ0-9UtyDoOftFNtd86CKZe7ZO
3695727_O_R.jpg,https://drive.google.com/uc?export=view&id=1VFP6U36CkROIAmfL1_dn95eRx0UuyFEO
3695727_L.jpg,https://drive.google.com/uc?export=view&id=1Gh_6TgRBPpRO1wmPl0qXbwBqEsg4URQe
3695727_R.jpg,https://drive.google.com/uc?export=view&id=1XzsThA9dwA9mfnERNEutu9Va3BVTW8Y2
3697973_O_R.jpg,https://drive.google.com/uc?export=view&id=1sGJNm8lHJ0cFWFUMhEI8XLt03AwdNjie
3697973_O_L.jpg,https://drive.google.com/uc?export=view&id=1iKXkMKImlJqxBFy7qgyN4vdqF-VZClCP
3697973_R.jpg,https://drive.google.com/uc?export=view&id=1GK7iRYl6etfQxF5UTZmdu7PSRvLvw0m1
3697973_L.jpg,https://drive.google.com/uc?export=view&id=1JtguJvyp7IIvTnv_jAxORse-A_6skdAH
3924315_O_R.jpg,https://drive.google.com/uc?export=view&id=1QGL7_QMmG73PjuMDiZbT7Gw4tiEgGJ67
3924315_O_L.jpg,https://drive.google.com/uc?export=view&id=12WbyhKCEWQuMz438CTxDKFV6RQocnTMR
3924315_L.jpg,https://drive.google.com/uc?export=view&id=11kKVGmGn-vTV2v_JcGzFE0_lyoIQ2zPH
3924315_R.jpg,https://drive.google.com/uc?export=view&id=1krBDUjOSPqwS14mnDuDseaWLgtLwnhVQ
4009527_O_R.jpg,https://drive.google.com/uc?export=view&id=1CF-gURDd_kCt4mLUy1PUcdG_6eABydvr
4009527_O_L.jpg,https://drive.google.com/uc?export=view&id=1qSS5p9bPDh9Lh6GQ2cj_iU9EfA9KFrrz
4009527_R.jpg,https://drive.google.com/uc?export=view&id=1xmH6900ose3y5RSrzzOQ1BL3iIGFt6oW
4009527_L.jpg,https://drive.google.com/uc?export=view&id=1h7XMBOyaHwBsyslAFh_LJgWks3b29Gy6
4107553_O_L.jpg,https://drive.google.com/uc?export=view&id=1SNswFT73G4yxMqLSOes_CvyRO60Pt5J1
4107553_L.jpg,https://drive.google.com/uc?export=view&id=194H4Y3c4EXlius-1lY19NG_eSYuIAnbv
4113878_O_L.jpg,https://drive.google.com/uc?export=view&id=1Fq9fIupLsWkTAhU5avkYV1Szi9PP2H5W
4113878_L.jpg,https://drive.google.com/uc?export=view&id=1kW_0PAsurJ0izvS7wuA4E8CG9l-qvtNT
4117244_O_L.jpg,https://drive.google.com/uc?export=view&id=1Z_J11TNpi2FK7VWYp8259RBIQg4oQIwF
4117244_O_R.jpg,https://drive.google.com/uc?export=view&id=1_TwD6YrLHxmpOo8WDv8TpdrvdKSvDIyd
4117244_L.jpg,https://drive.google.com/uc?export=view&id=1O9ZAn_UOY4wuQ4V2ofdp3hWqAhnn-PYi
4117244_R.jpg,https://drive.google.com/uc?export=view&id=1eEUoRcY-1291Aq1NYi7MuhZND0fVtIlv
4117992_O_R.jpg,https://drive.google.com/uc?export=view&id=1BzEwNYXHhHiVFdGRH7KLpo1vN3ITZXEG
4117992_R.jpg,https://drive.google.com/uc?export=view&id=1POLB8zJ7K81Qcx09ZY5xBW-kvuNSNhHG
4118269_O_L.jpg,https://drive.google.com/uc?export=view&id=1MZvVsg_NjnMqk3JGg1DmTExDP22lOD8K
4118269_O_R.jpg,https://drive.google.com/uc?export=view&id=1ql-ojdYbS6SCEmD6WGiFmQ8sgc39DtKX
4118269_R.jpg,https://drive.google.com/uc?export=view&id=1rTJlu5-FCRTQQoflPwlUfgoKhQcEufGe
4118269_L.jpg,https://drive.google.com/uc?export=view&id=13rw4ysai9gd8o1tqeaUKCg-MqB54Gbn7
4118566_O_L.jpg,https://drive.google.com/uc?export=view&id=1d9qQY8Vx8E3UjXwFJ-2IDyRost09TIYg
4118566_O_R.jpg,https://drive.google.com/uc?export=view&id=1QkaJsU0-xn0SlemNWJOWyPi6osHipepA
4118566_L.jpg,https://drive.google.com/uc?export=view&id=1vA4mEeEsodkA4CRtNGl30dA9TD9F10iN
4118566_R.jpg,https://drive.google.com/uc?export=view&id=1tuu6kHkIyIPC90CwZOHdiGY3IPgKj1qv
4119525_O_L.jpg,https://drive.google.com/uc?export=view&id=1tHpG_1rl2uVR_Ilscp6Lvp6_clkalY6b
4119525_L.jpg,https://drive.google.com/uc?export=view&id=1IVkTGxzpE_hSLEPh1Luej4dmCx4Ep4JC
4201294_O_L.jpg,https://drive.google.com/uc?export=view&id=1jWocrrwsoeCrEGcPAiMa0iagCQYBHdzk
4201294_O_R.jpg,https://drive.google.com/uc?export=view&id=1EO_jnuvMZZVFtrPNMwDxv2_P5BvIYskY
4201294_L.jpg,https://drive.google.com/uc?export=view&id=1IAPlUoYwSzfhyna1Mv--_9IbdM4cz8-n
4201294_R.jpg,https://drive.google.com/uc?export=view&id=1M0P5etbOC5dINH3MPCtuI51LZosdy_8W
4202544_L.jpg,https://drive.google.com/uc?export=view&id=1NfqnRkNWedF3h20_t0GaKDUhnkh1sSJm
4202544_O_L.jpg,https://drive.google.com/uc?export=view&id=1NDDREtgSD22R50tVKL39uz6nCAiUbal-
4202544_O_R.jpg,https://drive.google.com/uc?export=view&id=1BIwSzOxM364d16gNDVfVy_ALHOiw9lWI
4202544_R.jpg,https://drive.google.com/uc?export=view&id=1plf54ElFXcEugTu-hAqyOM_I45ed25CZ
4204836_O_L.jpg,https://drive.google.com/uc?export=view&id=1BQBsQJNlYVxKvbbra-AtPb9xSPbNK68F
4204836_O_R.jpg,https://drive.google.com/uc?export=view&id=16ceZXKeWKOUgSbvCHTxKvKAc9DHe3wNN
4204836_R.jpg,https://drive.google.com/uc?export=view&id=1OoEGyH2AfIxEzNdZ1j_KnyRmbPPv0TUn
4204836_L.jpg,https://drive.google.com/uc?export=view&id=1l9yruPrwNjy1ERqrvR4TVbyn2zD0lAr6
4206331_O_R.jpg,https://drive.google.com/uc?export=view&id=1aSptbpU6DEHfVKo875jK0h_N35fKs8T-
4206331_O_L.jpg,https://drive.google.com/uc?export=view&id=1AHS-kPv4WzELXIB0dMGyvaCAroL0CRn8
4206331_R.jpg,https://drive.google.com/uc?export=view&id=1sNsySAhILEupFGXcBnO7BW92-et7VPWo
4206331_L.jpg,https://drive.google.com/uc?export=view&id=1MaoTkUWW1lacv5gpaGEFB2EBtngtBunP
4207036_O_L.jpg,https://drive.google.com/uc?export=view&id=1Dk8XvWhZOF71MIlzAZ8u-VMryZTeFdED
4207036_O_R.jpg,https://drive.google.com/uc?export=view&id=189-RS7uGOFrAond85rxZ8PUe3nIiD-i8
4207036_L.jpg,https://drive.google.com/uc?export=view&id=1EE6zeYtTmG8U5XVINl5JC-wb9f10CO9n
4207036_R.jpg,https://drive.google.com/uc?export=view&id=1FKY4jFB3ksZgjIsBAhNhLSW6Fgo3SeM8
4208801_O_L.jpg,https://drive.google.com/uc?export=view&id=1tSvWkGegIPplPrfs4FWBX0NwKGH_pcZM
4208801_O_R.jpg,https://drive.google.com/uc?export=view&id=1drhfxnn0MrjXMy57sBX_GWQhw-Xo8Zi7
4208801_L.jpg,https://drive.google.com/uc?export=view&id=1JmBfh5kEv43OMylxLPUN-UIjjujVluzs
4208801_R.jpg,https://drive.google.com/uc?export=view&id=1aJu1b_r4gtOO-iY-YmF7Dp9bX7WjEPNQ
4210064_O_L.jpg,https://drive.google.com/uc?export=view&id=1H7tKi31Zx0TT6sgb2GMGnmoGEwJN8fYd
4210064_L.jpg,https://drive.google.com/uc?export=view&id=1ymlhiY-wjAOE3DchIev_BmGyIDKBmHqh
4215098_O_L.jpg,https://drive.google.com/uc?export=view&id=1dXb7D47ioMh1u-G6lxOAQNaccBC8Clnm
4215098_O_R.jpg,https://drive.google.com/uc?export=view&id=1LZDo1VG8MZKDRf0l3UjhLi6NAzeYjQRh
4215098_L.jpg,https://drive.google.com/uc?export=view&id=1nOZBYjOBvssEFrgABQXyXgsqRtByj-vd
4215098_R.jpg,https://drive.google.com/uc?export=view&id=1iXXgWF0HbQjwlA9SgGyjiKX2NvZ1H_bp
4215887_O_L.jpg,https://drive.google.com/uc?export=view&id=1onS_TNa_yECCcHMUwouO-oDlWAZWWlro
4215887_O_R.jpg,https://drive.google.com/uc?export=view&id=1Omb3sDRwyWu-0i7grrSwTwCPo4kD_c3K
4215887_R.jpg,https://drive.google.com/uc?export=view&id=1oUAQsdbC5FOJZnyeYMWqyi5TpK6kk135
4215887_L.jpg,https://drive.google.com/uc?export=view&id=1KppZ6DBKnZcwxMLYEJbu7rpw-GlbS89s
4215967_O_R.jpg,https://drive.google.com/uc?export=view&id=1g4fyTRjem0JVrA7lqdk3tglaRUjYdVxW
4215967_R.jpg,https://drive.google.com/uc?export=view&id=1QlZdYpE16Ttk7v-Im4kvPHiGz1Thf0yn
4216135_O_R.jpg,https://drive.google.com/uc?export=view&id=1_NLf11x8bFWYvDsPczjalckyxofe9Op4
4216135_O_L.jpg,https://drive.google.com/uc?export=view&id=1XD-clsz0QkZ1j-4Ky78eKjUaB4hG2zTW
4216135_R.jpg,https://drive.google.com/uc?export=view&id=1XG3C5v9ckS50s0Mzr63v5NMcaO0fLW_v
4218719_O_L.jpg,https://drive.google.com/uc?export=view&id=1DZ2Lp-019KGnLWY2EBMXESGZmMfpIB6i
4218719_O_R.jpg,https://drive.google.com/uc?export=view&id=1_JulHmzVJA94zMbfHGPlKPESfD1Vqt3_
4218719_R.jpg,https://drive.google.com/uc?export=view&id=1rckpbJio9reqsiuBerS-7J0fhzQbVvzj
4219185_O_R.jpg,https://drive.google.com/uc?export=view&id=11CKN-FsJnblZccXX8DrSu99NgFXTeyOt
4219185_R.jpg,https://drive.google.com/uc?export=view&id=17Dp8vfIwmkTt_smgJDeKn8Dy_uy0-UmQ
4219304_O_L.jpg,https://drive.google.com/uc?export=view&id=1XdqGHXIzUlrPZt0QHWodkzJuh_UyhNbT
4219304_O_R.jpg,https://drive.google.com/uc?export=view&id=1InXBDXe48s_4jxeOwMQtTQmCiVKOXrvW
4219304_R.jpg,https://drive.google.com/uc?export=view&id=1hcYRz3m_VG4VGYh7urmk4a-lnSX2Kczm
4222547_O_R.jpg,https://drive.google.com/uc?export=view&id=1aDqC2geI0RMH3-dxFqZNTtDITB2d82Qt
4222547_O_L.jpg,https://drive.google.com/uc?export=view&id=1B26x8_EibxtqPrYET9PJ0CICrq6i5B4l
4222547_L.jpg,https://drive.google.com/uc?export=view&id=192dOTo8neDKI0RKHXssexNPfXMVv1qIs
4222547_R.jpg,https://drive.google.com/uc?export=view&id=1OTfDTlULQdTa2tkutjkuOXwD3vrJ0T6_
4223559_O_R.jpg,https://drive.google.com/uc?export=view&id=1P9Dm_xVeeVYUOWogQxZjaI2V7yg4z7NP
4223559_O_L.jpg,https://drive.google.com/uc?export=view&id=1IgGIGG0Tr0vzc5VjpeEdR_fQ2cZ2e0uK
4223559_R.jpg,https://drive.google.com/uc?export=view&id=1bOu4glpccglBg7XJdbFrKSiJhGxForBf
4223559_L.jpg,https://drive.google.com/uc?export=view&id=1Cqx5TazZmAwXwChmsH08_eZCejSyOT9T
4225334_O_L.jpg,https://drive.google.com/uc?export=view&id=1b69KXIqlPyyO2TP8vSA2-EtqmGX1dW8D
4225334_O_R.jpg,https://drive.google.com/uc?export=view&id=1s32PM0dCeGhHh0BZMArqON9yOfhfPZj1
4225334_L.jpg,https://drive.google.com/uc?export=view&id=1MR3LCYCTZNfEbHaems56n3_TIRyiuq1-
4226013_O_L.jpg,https://drive.google.com/uc?export=view&id=1hg1ZhhyK0mY1j2xlTe4mug9MGn8pVYX6
4226013_O_R.jpg,https://drive.google.com/uc?export=view&id=1CgaAVc1XoeQUoKgEd9wnQdocCfqxjbCn
4226013_L.jpg,https://drive.google.com/uc?export=view&id=1nbOhu3GFApT2mDKIa87A7mCzUrdohzev
4226013_R.jpg,https://drive.google.com/uc?export=view&id=1u-qDmsZGrSHVbNUVhyBY-e4zpyxosGx5
4228967_O_R.jpg,https://drive.google.com/uc?export=view&id=1z1RcAgqbAWmfW0fuepMAvqhFta4Lihfv
4228967_O_L.jpg,https://drive.google.com/uc?export=view&id=11FaUt4EbqbYRwpB-rJ7l8-cRbLGZdE-B
4228967_R.jpg,https://drive.google.com/uc?export=view&id=1J4pQys3zFMiBHTrMtWeZLElLaJQpNp0W
4228967_L.jpg,https://drive.google.com/uc?export=view&id=1Bo1paR3mapm-D3GU7fTS-RsdNdtHsHxb
4231980_O_L.jpg,https://drive.google.com/uc?export=view&id=1cyXOZwmGddowk4nuKzK4-vFTHr-BEPua
4231980_O_R.jpg,https://drive.google.com/uc?export=view&id=13kq1g-6-dfJrE9AKcgWvqd81lqMqAlA5
4231980_R.jpg,https://drive.google.com/uc?export=view&id=1OA1Z0o_OUGjbvNEph1fsrmFmHhVH5_gr
4232523_O_L.jpg,https://drive.google.com/uc?export=view&id=1DWiIr-Leg5XR7EoRl6pqnJFogGjP3n25
4232523_O_R.jpg,https://drive.google.com/uc?export=view&id=1IxspBQTVhEbHSE6b9vKh3t88evkE3tjZ
4232523_L.jpg,https://drive.google.com/uc?export=view&id=1En_J9OiLM1DA4UQfYZPksP0WoRC6ripN
4232523_R.jpg,https://drive.google.com/uc?export=view&id=1w1snXkkP8vgnhqN0lnUROA-OK5zKP_4i
4232640_O_L.jpg,https://drive.google.com/uc?export=view&id=1-ua5ed2p9SX0GcubN1Ix7skuZELM0j7Y
4232640_R.jpg,https://drive.google.com/uc?export=view&id=1fe-T3EeKYtuzjhutlPB7csT2KZLjSq73
4232900_O_R.jpg,https://drive.google.com/uc?export=view&id=16uu_VQa16hV9uKourJGhjqWMeM_e8GHS
4232900_L.jpg,https://drive.google.com/uc?export=view&id=1cyiZTjHiM7meZRF_7yD7YL47lVxzDXmQ
4232943_O_L.jpg,https://drive.google.com/uc?export=view&id=1Qd8iRvBJ274U1DwDwLeOk9LyVwMw_CBk
4232943_R.jpg,https://drive.google.com/uc?export=view&id=1orP65C_qODKhjkRnW6VZxngaWlPXcFNF
4233192_O_R.jpg,https://drive.google.com/uc?export=view&id=16a2uli_3RK27LM5dLo2LOC1zC9i3iUvT
4233192_O_L.jpg,https://drive.google.com/uc?export=view&id=134qPI6T2Vx5YFuf-W2XkAECGztK57aha
4233192_L.jpg,https://drive.google.com/uc?export=view&id=1soqQscsfzAMRVkhRk9vUvfyeOAScOxEb
4233192_R.jpg,https://drive.google.com/uc?export=view&id=1LfU6G8ERCbi8lJTW5zy0Xap6wqS5tySa
4233310_O_L.jpg,https://drive.google.com/uc?export=view&id=1erdQCmR61WZbl8wf0n7qYt-jTrIiZ87O
4233310_O_R.jpg,https://drive.google.com/uc?export=view&id=1KL2FBS3d9Mu6E0QVJxg0RG3WiR5kBjVa
4233310_L.jpg,https://drive.google.com/uc?export=view&id=156bIcJp3pOg87as8slqUkgEZlcCgKCx7
4233310_R.jpg,https://drive.google.com/uc?export=view&id=1XLrs-ZNEIHAr3tuCvT32EeZk6gt91U4l
4234556_O_L.jpg,https://drive.google.com/uc?export=view&id=13ftYDOB1eloy6zKbrDNC9YUthRFGcN1I
4234556_O_R.jpg,https://drive.google.com/uc?export=view&id=1Bhe224ieQZZCOZCHmAEBNJdFal2HoNkD
4234556_L.jpg,https://drive.google.com/uc?export=view&id=1l7z6KsDVFBQOwvOnhQEBM9PUXD5RLoH-
4234556_R.jpg,https://drive.google.com/uc?export=view&id=1OyK_zJ6UKjwNzFIeRCU-gD1o9QOXacnw
4235909_O_L.jpg,https://drive.google.com/uc?export=view&id=1Ss_PjRhkR3SG-5P2CqkAhm5IuLQkZV6I
4235909_O_R.jpg,https://drive.google.com/uc?export=view&id=1tmrBC-HlSyE2KT_fdzFsfdWZxanLoIqk
4235909_R.jpg,https://drive.google.com/uc?export=view&id=1_9X1RswRCaDs7qVzdZBD6LeSrH-jeuXq
4235909_L.jpg,https://drive.google.com/uc?export=view&id=13Rh8lMW3Exw1msy5HLDg4vdGhZHdpQEL
4238198_O_R.jpg,https://drive.google.com/uc?export=view&id=1k1ixMqqm1BRJCuMZ5go4ZLr07TNtE19S
4238198_R.jpg,https://drive.google.com/uc?export=view&id=1_mxqpZA5yGVey28jq4-g6ybsmhTRm3cm
4238505_L.jpg,https://drive.google.com/uc?export=view&id=1uf4cBbr6JLSrRbPHTJ1G7_OkNxQMrfvw
4238505_O_R.jpg,https://drive.google.com/uc?export=view&id=1T_nB3XFgs7x_YYBrMUbv1MefMCFu-lDP
4238505_O_L.jpg,https://drive.google.com/uc?export=view&id=19za_47_wfTHqpc4xL7OXNcSvBgCWXuOW
4238505_R.jpg,https://drive.google.com/uc?export=view&id=1VJy6kPLdWB0R79BxPSGuQBW1Mw1xQo-l
4239077_O_R.jpg,https://drive.google.com/uc?export=view&id=1KkRX3CPPuSmi_ZzvFYLIECUVg4vkeLm8
4239077_O_L.jpg,https://drive.google.com/uc?export=view&id=1gI_EXSIq3XWvTyMsIyKt8845RgQKcK-o
4239077_L.jpg,https://drive.google.com/uc?export=view&id=14-CjSRtUYMO6MtUK1Rb36S9EVk3ZiC45
4242128_O_R.jpg,https://drive.google.com/uc?export=view&id=1QRPaXglZaVgpo9NSLRkcV6Cai2HNKLOV
4242128_O_L.jpg,https://drive.google.com/uc?export=view&id=1bOXbIuqIHTEH7KY9LJuTiFRlCP7y6mmW
4242128_R.jpg,https://drive.google.com/uc?export=view&id=11FLcccTahnKoDjc1cNPv8DWSg_yYGTC_
4242735_O_L.jpg,https://drive.google.com/uc?export=view&id=1ClByY2twmHmuieCSgr-EObHo_QIP2vPC
4242735_R.jpg,https://drive.google.com/uc?export=view&id=1v_aFP3fH9cQuo-2TvdVaAxYYKmUMDU-i
4242735_L.jpg,https://drive.google.com/uc?export=view&id=1s8LIchD_pZr73A63EUzCj2Gp0iYJUV6Q
4243570_O_R.jpg,https://drive.google.com/uc?export=view&id=1nY890gKfa_5pgv41EDhd0hPcf53ian9J
4243570_O_L.jpg,https://drive.google.com/uc?export=view&id=1ywywHaxRu3hhoQqWQckxEkSqt1eORCFc
4243570_L.jpg,https://drive.google.com/uc?export=view&id=1QKMax2aZBq8u4WcQ3N5gznIRmaTfiGFx
4243570_R.jpg,https://drive.google.com/uc?export=view&id=1GIkr4I9S7aWGa-1hqHtSLOZCec8NvcCt
4243701_O_R.jpg,https://drive.google.com/uc?export=view&id=1TBimgFjlb4vLYb9nbzRS_-v9jvcw-ikp
4243701_O_L.jpg,https://drive.google.com/uc?export=view&id=1gMJi6IV6ZfDThpfT02Hy6htqBD9Xf1mH
4243701_R.jpg,https://drive.google.com/uc?export=view&id=1cAfvrDRVo2x0IZT9egjoH6ab-HzpqTPW
4243701_L.jpg,https://drive.google.com/uc?export=view&id=185zucQmj3HU00JpuT10B7zxw3nDi8Q9G
4243726_O_R.jpg,https://drive.google.com/uc?export=view&id=1VXd9K6dBDuD8la5AOQJwhv0C52d-iYWq
4243726_O_L.jpg,https://drive.google.com/uc?export=view&id=1iIVKpzcafZsQnDMKX6FZMJxhiCuto2lk
4243726_L.jpg,https://drive.google.com/uc?export=view&id=1QIug9wUdT8W65UkJR8JRwB-RtwAy9gNA
4244269_O_L.jpg,https://drive.google.com/uc?export=view&id=1M1fLkdxunmGEXsjTHr_whuEqiixg43wt
4244269_O_R.jpg,https://drive.google.com/uc?export=view&id=1n3m4qCJUWAaodwTdzf4-_ZeSa02IQS6L
4244269_L.jpg,https://drive.google.com/uc?export=view&id=1wq2UyfNBxN9SUowYZlf7U7U8Z4zyCkLr
4244269_R.jpg,https://drive.google.com/uc?export=view&id=1M1Swhsv1KrKq2TxalDELzZ_Kq8Qs55fY
4247230_O_R.jpg,https://drive.google.com/uc?export=view&id=1TMevHF_Fx-OiD3yo8BiRDEW2wm5SXua9
4247230_R.jpg,https://drive.google.com/uc?export=view&id=1qXwfhrB_JJIS6JxGoImM-tfiSpi9g3F7
4247384_O_R.jpg,https://drive.google.com/uc?export=view&id=1XM5QYJk8Efrl44YX7sOCSWf_VOAHID5T
4247384_R.jpg,https://drive.google.com/uc?export=view&id=1zgRGuigJOC_aI8mJ0X9wpUxYtviDcPTG
4247384_L.jpg,https://drive.google.com/uc?export=view&id=1-0H5RYsKD-05N7sfhcU9lFIZjrS9RIvw
4247737_O_L.jpg,https://drive.google.com/uc?export=view&id=19nU4zcC53JNTYPUNdG0k6XbkiUYyh4JE
4247737_O_R.jpg,https://drive.google.com/uc?export=view&id=1eihwh1dpQKqdSj_SU3RIm0MPvhuDeDyt
4247737_L.jpg,https://drive.google.com/uc?export=view&id=1wVtcgXxRYpyTxIZKF4ro3cq0x7FdLjAb
4247737_R.jpg,https://drive.google.com/uc?export=view&id=1xnqOuY5qAEs2HTNOIXe6DdpXkIfubHtz
4248029_L.jpg,https://drive.google.com/uc?export=view&id=1qM0Sp2rOC3Zra4nRfsdd0RdnmrtgRLzG
4248029_R.jpg,https://drive.google.com/uc?export=view&id=18i1fgZ8cKJ1sqZXPnLcdIT3wG8oJoWdo
4248584_O_L.jpg,https://drive.google.com/uc?export=view&id=1P-yN_NgcJvw0ilrSVqbihhKFgWe7ExCm
4248584_O_R.jpg,https://drive.google.com/uc?export=view&id=1Y8EoegIANB6JmHkh5dX4AxZk_zxI0znE
4248584_L.jpg,https://drive.google.com/uc?export=view&id=1Qvnm1LrtYCvcGIEFW6vM_Y9cppnm3nKk
4248584_R.jpg,https://drive.google.com/uc?export=view&id=1_H7zDb23GAFWNNW8_kDSzsdAt4VvKnyn
4252128_O_R.jpg,https://drive.google.com/uc?export=view&id=1BSuZnSNu0uy6UVbsezGa_NaT8rrucOcP
4252128_O_L.jpg,https://drive.google.com/uc?export=view&id=1LRiUGYaQ7KKD6Jlqy1nTpIkj-asaz4MQ
4252128_L.jpg,https://drive.google.com/uc?export=view&id=1uHM1PImzHy7mxef3y9F0GlkUCZyZRhr4
4252128_R.jpg,https://drive.google.com/uc?export=view&id=1ajLS2wbRYSGgtIS5xCLheFc23hVC16h5
4252231_O_R.jpg,https://drive.google.com/uc?export=view&id=1NC0uqBTN_58SJ5YSIyPWB8Kd98PPVJyZ
4252231_O_L.jpg,https://drive.google.com/uc?export=view&id=1gspxFScK-W8VBUd5SJA48vsq15h2_VbT
4252231_R.jpg,https://drive.google.com/uc?export=view&id=19OD0fJQvErkZXdJVbM-LsK7e2XR_RmTD
4253989_O_R.jpg,https://drive.google.com/uc?export=view&id=1HNQCPm5f4pEZlTzyecY-wsCgB95pdbRM
4253989_O_L.jpg,https://drive.google.com/uc?export=view&id=15s3ZOJ6zb4xgiHlvrLPRLjXfNPE9oFNc
4253989_R.jpg,https://drive.google.com/uc?export=view&id=14sSzvi-PDgWI23j8CAdVdikfjxqK6lWJ
4253989_L.jpg,https://drive.google.com/uc?export=view&id=1cYoCAp_Pp4D0VOtQcFYCxFP0npfgbQ4F
4254761_O_R.jpg,https://drive.google.com/uc?export=view&id=1UiVkAwQ-DGvZrBO-AHcEh5icOXiwbJa9
4254761_O_L.jpg,https://drive.google.com/uc?export=view&id=1zTQARszW8Se6Ew5UrrSYOYEtjzGUCVLo
4254761_L.jpg,https://drive.google.com/uc?export=view&id=1gdJCbaJK4kqZEVgmt_Xo7RjIwsGVCtLQ
4254761_R.jpg,https://drive.google.com/uc?export=view&id=1RmPXCoQNhvNe8EDY8ujk1g9ieDrBxsDZ
4255387_O_L.jpg,https://drive.google.com/uc?export=view&id=1yWlG_8-5DOSaHQpvvSwIqFuvEoXwXPWQ
4255387_O_R.jpg,https://drive.google.com/uc?export=view&id=1dF10OoKPEHVBe9zfi3X7smhO6XAxqFoY
4255387_R.jpg,https://drive.google.com/uc?export=view&id=1DIzO0N3MUF_7DRf7uGS73N8-ptC4vxLP
4255387_L.jpg,https://drive.google.com/uc?export=view&id=1pOBlqK7muewYPo6Kipn56QzvlNyhpigf
4255427_O_L.jpg,https://drive.google.com/uc?export=view&id=1uyw9BrnRLiLRrqaVvjIZfxWhBHjCgHS_
4255427_O_R.jpg,https://drive.google.com/uc?export=view&id=1i-P7O0b-3FY8QUtVf0LxJYx1Gy-FjRCu
4255427_R.jpg,https://drive.google.com/uc?export=view&id=1bVAsJ7V7hTTOC8qLPiGlSqr2UPaYumpK
4255506_O_R.jpg,https://drive.google.com/uc?export=view&id=1e-3tmDb5EdLfBpgrfSXR8mZMR3c17EcF
4255506_O_L.jpg,https://drive.google.com/uc?export=view&id=1J26ESn0bBnDzDI7AVdpU3rZeE0um9tnW
4255506_R.jpg,https://drive.google.com/uc?export=view&id=1h-Tti8IKLUaYta5VKHabgr3BjZJ2bAUV
4255506_L.jpg,https://drive.google.com/uc?export=view&id=10S1jie5bRvVKV12xGSoRZ7z0k2JLb1ba
4256024_O_L.jpg,https://drive.google.com/uc?export=view&id=1ky4qaa8WuaFlgx6ramnLWeVivGttUK3U
4256024_O_R.jpg,https://drive.google.com/uc?export=view&id=1Dud54yQWMNE7XKNcKEv3MUigD6w8bHkt
4256024_L.jpg,https://drive.google.com/uc?export=view&id=1WtxFNQBLBjKT07VGKEpgf38i0pRIbpwk
4256024_R.jpg,https://drive.google.com/uc?export=view&id=1lFz10rHXXCboH3t7vLWB8B0LvJsgZwVh
4257579_R.jpg,https://drive.google.com/uc?export=view&id=18QRK0htOUgHmcDHEzWUWCQzVYac36xXx
4257579_L.jpg,https://drive.google.com/uc?export=view&id=1EbuT8ibGo6OgXjaS2S4Xk5euRPcte0E3
4258401_O_L.jpg,https://drive.google.com/uc?export=view&id=1AlPps8umwzaMGFAKXhzoOsHQnUBf85eM
4258401_O_R.jpg,https://drive.google.com/uc?export=view&id=1El-vngCvJJ0sEbc0ZWAUa_iVDSWmwHEP
4258401_L.jpg,https://drive.google.com/uc?export=view&id=1bv7rF2mTjdMtaS8xOgfHhucdY_tG0Vxh
4258401_R.jpg,https://drive.google.com/uc?export=view&id=1MhfQC7gnUdXV9fT6WBnh0QyFlYXAiz4h
4258610_O_R.jpg,https://drive.google.com/uc?export=view&id=12RQaNKORePhiP-_DxabiPrylevmq_B81
4258610_O_L.jpg,https://drive.google.com/uc?export=view&id=1r1Fo_QeOuNTRTAzNtwO2zJO9rZxWIRh7
4258610_L.jpg,https://drive.google.com/uc?export=view&id=1p6ThuiAf5TVJNKaqADnN740Z5V8Anf-n
4260671_O_R.jpg,https://drive.google.com/uc?export=view&id=1NXwFWnXzQz91VssiwHQYbUpISMRssuEt
4260671_O_L.jpg,https://drive.google.com/uc?export=view&id=1zxXqpDDbPv97FSLx_8IeH1H3EEz8xEVl
4261757_O_L.jpg,https://drive.google.com/uc?export=view&id=1aqxRxwKEvIWfv5dG6zqW77qC99jMC6bD
4261757_O_R.jpg,https://drive.google.com/uc?export=view&id=1dNdooXDH2w28XEF_BYOd6oGYm8hSMbEA
4261757_R.jpg,https://drive.google.com/uc?export=view&id=1UTvIbBnA_1zHIFeoTVmPjgZItL37xTOX
4261757_L.jpg,https://drive.google.com/uc?export=view&id=11R7G2GyUsvMaWantD5B0-PwioCEHOLxu
4262109_O_R.jpg,https://drive.google.com/uc?export=view&id=1Vvahz1VmyacTR1fPTBn2Ac-WrH6Satfk
4262109_L.jpg,https://drive.google.com/uc?export=view&id=12qljrF72-55QI5UzJgJ8mfNaGzsASwP9
4262582_O_R.jpg,https://drive.google.com/uc?export=view&id=1YjeUAJmsPh4AgM5QFK8glHc9e1JNL2Cy
4262582_L.jpg,https://drive.google.com/uc?export=view&id=1e9gD07mFfZlmOEF1--PC8q52ZmZForB6
4262584_O_L.jpg,https://drive.google.com/uc?export=view&id=19GJmduZFvKSkAXZH6oSSwWSRQMB-P-6C
4262584_O_R.jpg,https://drive.google.com/uc?export=view&id=1wlrXvZdkG6X84cEbo7rKkjqfurzNRkM5
4262584_L.jpg,https://drive.google.com/uc?export=view&id=1yg7M_L5AnRvXoa6HNP3RW86f9AXu9ulc
4262584_R.jpg,https://drive.google.com/uc?export=view&id=18EH72BmrvTXXiz3oOOtOYcV17DhCu1Rq
4263814_O_R.jpg,https://drive.google.com/uc?export=view&id=1Q7ZM2WeQh-vjxFoSSb-YXMlJHaw1T2e4
4263814_O_L.jpg,https://drive.google.com/uc?export=view&id=1MoIlPT7DnINBMkPv-XxoCrDw7g4PRMiA
4263814_R.jpg,https://drive.google.com/uc?export=view&id=1M5MR1809z3Ktb3bBC3N144f03MEpRmQ_
4263814_L.jpg,https://drive.google.com/uc?export=view&id=1dkf_ioqGR0YieQt0_zjfv4pPafztGoRQ
4264362_R.jpg,https://drive.google.com/uc?export=view&id=1_mhWhjiArS_EAqOp8ZSvaFtTNmwaSCoV
4264590_O_L.jpg,https://drive.google.com/uc?export=view&id=11aEQOTcXWPAw-HYhgcVnqaOXN5O3-Y6I
4264590_L.jpg,https://drive.google.com/uc?export=view&id=1c8q4b3s0toX5PmZZc2linvmx-P1iVeOW
4264590_R.jpg,https://drive.google.com/uc?export=view&id=15U0Dqw_T3CnWVu0o40YmTXLVMWookqF6
4265164_O_R.jpg,https://drive.google.com/uc?export=view&id=10iT8C7JcOaCwmik72bKkfF9Ai58Qw-S7
4265164_O_L.jpg,https://drive.google.com/uc?export=view&id=1HCEVYfAUy0y1-XQ1IrKjhR7tRCLBu1yV
4265164_L.jpg,https://drive.google.com/uc?export=view&id=1PKjcAPCbou2MUlr2vg2cYDbZGAE4sh9A
4265164_R.jpg,https://drive.google.com/uc?export=view&id=10gGxnYYr31mrkNHs4rI4KazOJthmSGjR
4265849_O_L.jpg,https://drive.google.com/uc?export=view&id=17JMeu8j2RyANlDI36uVv6ZRzUnZCBERY
4265849_O_R.jpg,https://drive.google.com/uc?export=view&id=1FHtOQWdBcEYmMLVp-n-OFVyDoPdrg4LM
4265849_R.jpg,https://drive.google.com/uc?export=view&id=1gJa5YsL9pC1NfyEeU24N3wRnbMHTWCl8
4265849_L.jpg,https://drive.google.com/uc?export=view&id=1sZw5qgTxwhacuTif1umQyYBhsfMqEMh5
4266299_O_R.jpg,https://drive.google.com/uc?export=view&id=1uaBpBt5shKOON1uC1lb06cBQjcRMC_Gi
4266299_O_L.jpg,https://drive.google.com/uc?export=view&id=1Sk3FBwFbM6c6rTf0F4q9MFdZ0AU5wF1_
4266299_R.jpg,https://drive.google.com/uc?export=view&id=1zwq8vOKCs_E74wyq3L-a5G7HM7icwCD4
4266299_L.jpg,https://drive.google.com/uc?export=view&id=1WQSyh39gZDAz8awDDybEfh3PEhVlmC4c
4266977_O_R.jpg,https://drive.google.com/uc?export=view&id=1gq0rgVtCr1Dg8q0ONLWlHBl6ExXHRSpg
4266977_O_L.jpg,https://drive.google.com/uc?export=view&id=1Snqj34VSDqe-AFe7xXt2QoBBP9D5VnJR
4266977_R.jpg,https://drive.google.com/uc?export=view&id=18OVu0x6gkF2ZHWQEPGlqTUOg9dTfqOKe
4266977_L.jpg,https://drive.google.com/uc?export=view&id=1MEDkrZVxCg8nnObwf8Rp_aJQI0ulxWsd
4268077_O_L.jpg,https://drive.google.com/uc?export=view&id=16cPkk1xOBY_aCJ942wHrxHhzLC7hI8Ap
4268077_R.jpg,https://drive.google.com/uc?export=view&id=1tMKuLjQD-aIu3RZinuSrYP51BttWq0ia
4268077_L.jpg,https://drive.google.com/uc?export=view&id=1ybG_Fly1C4bunLpmGjx7fzr7p6IoRFu7
4270017_O_R.jpg,https://drive.google.com/uc?export=view&id=1RNqG9zF12NG1w5_3VDCDGwkDOBtqW1r1
4270017_O_L.jpg,https://drive.google.com/uc?export=view&id=1d7xOWq_0qBP4N8K3DkxUYl2nbBEQiKSK
4270017_R.jpg,https://drive.google.com/uc?export=view&id=1pAZRg3UUJokkWVZIHr4Ap7zVxF3BRx-u
4270017_L.jpg,https://drive.google.com/uc?export=view&id=1y6dIXdbBzUBEo3kfE3aJYJkbeqoU5ods
4270162_O_L.jpg,https://drive.google.com/uc?export=view&id=1oxfYmLeB5K80lcY7FhmgxjnGuSndz29b
4270162_O_R.jpg,https://drive.google.com/uc?export=view&id=1dxcsdSifVFlvrEr6ZVL-Qguvpo3ZaFCZ
4270162_R.jpg,https://drive.google.com/uc?export=view&id=1oaeRGOYGAgnSVRFhxRiM8eeILuNMZU4K
4270162_L.jpg,https://drive.google.com/uc?export=view&id=1M7MnG1DLUEfJjbZ7eEPwb_v5U7C7czV9
4271142_O_R.jpg,https://drive.google.com/uc?export=view&id=1tBK6YuyIkVdMcF4ZDCfdT06n7sy7S3wq
4271142_O_L.jpg,https://drive.google.com/uc?export=view&id=1FKsJkX4aaXyXAEv9_ziMQ6WHq0f1urGP
4271142_R.jpg,https://drive.google.com/uc?export=view&id=1Pby0Ibu5-h7rDrI1rLNxt3_kuvk8DGZk
4271149_R.jpg,https://drive.google.com/uc?export=view&id=1yy7U3lJcrg0B6zf2o2Gq83FfEqhR-JcM
4271655_O_R.jpg,https://drive.google.com/uc?export=view&id=1Ytehk4EOAmS8KQdP7m2oLgDVAyii4fYu
4271655_O_L.jpg,https://drive.google.com/uc?export=view&id=1fA8c_We45zZt7K7-MCag7qZihJcyAYp_
4271655_R.jpg,https://drive.google.com/uc?export=view&id=1lO1ylTvFfxrKd4nLPuluNEeV-zh2Zfdt
4271655_L.jpg,https://drive.google.com/uc?export=view&id=1eLqVk-vZ34pu2Xrt1yRO6ia07xuhXTt6
4271773_L.jpg,https://drive.google.com/uc?export=view&id=1Fx1B6QPOHGOjnnqcrtgHmO6EkrS_P_4H
4271980_O_L.jpg,https://drive.google.com/uc?export=view&id=1AYG8iu9efJYNq0uPKj_GlIWveu9-EAal
4271980_R.jpg,https://drive.google.com/uc?export=view&id=1vQThcozVlUcW2Q01dU20Z0P3lZXcyVJ8
4271980_L.jpg,https://drive.google.com/uc?export=view&id=123UP1EGafF1g3F5XPtB0LLGByP5TKt-T
4272432_O_L.jpg,https://drive.google.com/uc?export=view&id=1yc8v0eHhqC6zzjUJErZWRrqJwLo2dZeM
4272432_L.jpg,https://drive.google.com/uc?export=view&id=1Jipy1uPpfwTQmqpqH0unU-wKeg_a_MUq
4272432_R.jpg,https://drive.google.com/uc?export=view&id=16Xc9wE9VtFLPYf5hdd0Flujpcb1FT1Q4
4273018_O_L.jpg,https://drive.google.com/uc?export=view&id=10Du7_E_d2gPC6GC8oKSxzaCLvDr9FFwA
4273018_R.jpg,https://drive.google.com/uc?export=view&id=13uZnWOwyCi9yumDeUi12RNNpi33Mm1Tc
4273070_L.jpg,https://drive.google.com/uc?export=view&id=12Urds8XMFGxf9MODR_NWIKZNVNzxU6cJ
4273780_O_L.jpg,https://drive.google.com/uc?export=view&id=1Lm2dYTKKgb8MGIpdlBOPpSwemfdfR0f6
4273780_R.jpg,https://drive.google.com/uc?export=view&id=1SmSzlpRinKTT3SMk4Fxj_YqJGcLKqrXS
4273780_L.jpg,https://drive.google.com/uc?export=view&id=1Fa8tNc0Q8z8aW-NmJdJNUjwHjaGx5D0E
4274813_O_L.jpg,https://drive.google.com/uc?export=view&id=19XIfDRx-2oIeY7k_zggJvSBKG6nbsQ3D
4274813_R.jpg,https://drive.google.com/uc?export=view&id=1hmB7JHRsL4p1MuM1cMUVWYugNFjNX352
4274813_L.jpg,https://drive.google.com/uc?export=view&id=12TJgaQYMCB19qq825SW3M9rGevqjiat-
4274833_O_L.jpg,https://drive.google.com/uc?export=view&id=1f2O4WkDrunbAff6Tlb6GjAg3UFt3jChE
4274833_O_R.jpg,https://drive.google.com/uc?export=view&id=1bZEuYyKYzL8U1ZePMf6f3r41Ow_4a3kK
4274833_L.jpg,https://drive.google.com/uc?export=view&id=1I6MjbXbyt8dc3GQcVpbRHh6WMOUlfjdm
4274833_R.jpg,https://drive.google.com/uc?export=view&id=13dOAfWf_5rdYYqRJwsQsBk6N34O6oGgZ
4275597_O_R.jpg,https://drive.google.com/uc?export=view&id=1ZpvvFbZw7uWuRa3wds4cTdHLtS-azm60
4275597_O_L.jpg,https://drive.google.com/uc?export=view&id=1QDcdBrF1uGZi0mEIjNhdGRP1eyICYqT3
4275597_L.jpg,https://drive.google.com/uc?export=view&id=1e4IQYhkfm3jfiGFhaIDt8WfAZPF_9o2p
4275597_R.jpg,https://drive.google.com/uc?export=view&id=1iWpTPvRiXBkpleDpgQjmXNN_tXQeukm-
4276189_L.jpg,https://drive.google.com/uc?export=view&id=1mFG2v5d1Uj_y4-JCYghbWgnyc-g0_VKS
4276189_R.jpg,https://drive.google.com/uc?export=view&id=1-zP-9KJ59AYZAvBVe_DhHkh4tdv88cF-
4276429_O_L.jpg,https://drive.google.com/uc?export=view&id=1aWNdFH7WvBYqczej8rUS03OrT8DRr93z
4276429_O_R.jpg,https://drive.google.com/uc?export=view&id=1JFHDAFmTvlHgEE75-8RGLaBd_ckHVk12
4276429_L.jpg,https://drive.google.com/uc?export=view&id=1lDJsztsGz4ew6bsLi4Vn4z8tUznPp68e
4276429_R.jpg,https://drive.google.com/uc?export=view&id=12qEFIXcy-1FF6tcCP92F9xn2vNBppDuY
4276556_O_L.jpg,https://drive.google.com/uc?export=view&id=1Y8OJjcIerHOLPywEGOhnF4CZmIxczhq0
4276556_O_R.jpg,https://drive.google.com/uc?export=view&id=1v-E25iVVzkF6PsUuqAypUkrtoDyGZAvw
4276556_R.jpg,https://drive.google.com/uc?export=view&id=1PK-Pv0v36mKqkYrkBt9EzHDiFtpCsb4p
4276556_L.jpg,https://drive.google.com/uc?export=view&id=1uaH6b136OJdjpu2nFW2u8MPnMDDKyzge
4276861_L.jpg,https://drive.google.com/uc?export=view&id=19qjFWhS0yzMRazkvMKOtrXeWlUTsOXsi
4276861_R.jpg,https://drive.google.com/uc?export=view&id=1eJhfwFzrgQSZBCfH0_r35EgWJSqQ3Lcf
4277302_O_L.jpg,https://drive.google.com/uc?export=view&id=13ebdViRMrvkULljXkkcPgeqsmdZ7T_qn
4277302_R.jpg,https://drive.google.com/uc?export=view&id=1WA_7YBnwUA7KL89rXNVAwmdPtDITl_Lb
4277302_L.jpg,https://drive.google.com/uc?export=view&id=1B7GBobq2QWliKUyY7DKmgjubsl8lO3y6
4277445_O_R.jpg,https://drive.google.com/uc?export=view&id=1fk8pd2iwEmCO8v2pd9U8EeiogdXRagGA
4277445_R.jpg,https://drive.google.com/uc?export=view&id=1pGFqnSE-GkjqBHG0acaBfk-urd7sP6Nv
4277445_L.jpg,https://drive.google.com/uc?export=view&id=1VyxOG8vxF7oCELf_njIffvN93l3gXvon
4277665_O_L.jpg,https://drive.google.com/uc?export=view&id=1pHydXfCSDIMH3w9KXEduXubMWICtTpf7
4277665_L.jpg,https://drive.google.com/uc?export=view&id=1QWcRdavn6CsKegmS3LWjyJeRodN4NqIE
4277665_O_R.jpg,https://drive.google.com/uc?export=view&id=1LeywARh5LRc607u6LlSGNe9j8b_h041o
4277665_R.jpg,https://drive.google.com/uc?export=view&id=1rB99xjUlbQMYFVYTQXyqsavdtUSNMFWG
4278009_O_L.jpg,https://drive.google.com/uc?export=view&id=1BPvOWADrw_8qohtdeDvbBf-lKKbDTyDV
4278009_O_R.jpg,https://drive.google.com/uc?export=view&id=1o82Y3hRZ9if5gck-xR27AQtNmw36N_W_
4278009_R.jpg,https://drive.google.com/uc?export=view&id=1K3ayWlgasA7upOLXVZF655hLWlUzVAMg
4278009_L.jpg,https://drive.google.com/uc?export=view&id=1WV63nBDnaAf8v5rOIJjzyV00y2yyht2X
4278294_O_R.jpg,https://drive.google.com/uc?export=view&id=1Lc-Rmc7Z_2cIzbaksnWMy5Rqe7QXFcHj
4278294_R.jpg,https://drive.google.com/uc?export=view&id=1I3H9ugp-jGmk4ShCJD_1dcefUe_iLYwE
4278399_O_R.jpg,https://drive.google.com/uc?export=view&id=115YuUqlVxvCWvOxB0qLO6ZbvU5iD4Sjo
4278399_O_L.jpg,https://drive.google.com/uc?export=view&id=15zM0J2t5op0rG9Ps8Ra4TXzP32AGXvzo
4278399_L.jpg,https://drive.google.com/uc?export=view&id=13PeATlIWkcvl7exlOiRMXMmfffuBQGvl
4278399_R.jpg,https://drive.google.com/uc?export=view&id=13iteWBkT_M10B85uT2gWAF1nNqJnrKi6
4278559_O_R.jpg,https://drive.google.com/uc?export=view&id=1m9Uvly3SS0yvVVqYIiPDbl9B7mRiVOkB
4278559_O_L.jpg,https://drive.google.com/uc?export=view&id=1FwNueqhgf81OWpJb27CHx-AgJe7zpCMm
4278559_L.jpg,https://drive.google.com/uc?export=view&id=1qqmRkdgSfKjz87HyEeENcWk5p6yogH9u
4278559_R.jpg,https://drive.google.com/uc?export=view&id=105enPiyGyXdlvGZ8qDgt_5LDz7tNoTGZ
4278595_L.jpg,https://drive.google.com/uc?export=view&id=1jF7rYTFX9gAwAYC_cajSnJSRpzHrV1za
4278609_O_L.jpg,https://drive.google.com/uc?export=view&id=1WjPOMGpYf6aTQFWtK2cEShwCBEtG5W_Z
4278609_O_R.jpg,https://drive.google.com/uc?export=view&id=1cCRgLd3B63wguiLNZta-TSsPBDzj1ew5
4278609_R.jpg,https://drive.google.com/uc?export=view&id=1-KaGjuqdX0TDTEkEZccPnfx8OM7MWggq
4278609_L.jpg,https://drive.google.com/uc?export=view&id=1NgmLgoL_enEXoHn7KwAmIGLdNw1bjnQR
4279046_O_R.jpg,https://drive.google.com/uc?export=view&id=1adiU5eeymqzNCRe3mwddaeCOQFEGxSbz
4279046_R.jpg,https://drive.google.com/uc?export=view&id=1xm9NLDN1Sl_464H7mdT_5kSc-ypnW9Fz
4279359_O_L.jpg,https://drive.google.com/uc?export=view&id=19898WF8iSnPQr1Fj9Cs5g61bWboidK4m
4279359_L.jpg,https://drive.google.com/uc?export=view&id=1gaRigipZWeIlEYAwl9oUdSfLFCwAOMh7
4279938_O_L.jpg,https://drive.google.com/uc?export=view&id=16uh1G_aZJKosOPsQzU1H8FZmKm0Fx56N
4279938_L.jpg,https://drive.google.com/uc?export=view&id=1obZpFDuMGh72A5Z-mxq59Jce7cDkRXZk
4280220_O_R.jpg,https://drive.google.com/uc?export=view&id=1lOWAS5k1kn5KUQGVpb0MEOGsyImQ7m5P
4280220_R.jpg,https://drive.google.com/uc?export=view&id=1muz34cnW_GijjdyynPnfgkgqot9RDOT5
4280567_O_L.jpg,https://drive.google.com/uc?export=view&id=1iGdWorHSYYMsO_QYwGawAVvbWUsj0PB0
4280567_L.jpg,https://drive.google.com/uc?export=view&id=1lXQky1YHB78zw0HPxhxU22rKiX5AqnbU
4281014_O_L.jpg,https://drive.google.com/uc?export=view&id=1lvx0_shm7c9B6iwVoT1Y_Iat2y40fdPQ
4281014_O_R.jpg,https://drive.google.com/uc?export=view&id=1QDiWvqTf7xJ23EpmnMc4NtsiIvbw80D5
4281014_L.jpg,https://drive.google.com/uc?export=view&id=1OfItn6adJbdLsN4_OwDwBUiNof4vKIYU
4281014_R.jpg,https://drive.google.com/uc?export=view&id=1u3xfO1v-BJYPnDynmpyv_NEP7pizg6rg
4281048_O_L.jpg,https://drive.google.com/uc?export=view&id=1BRPG9Q7aknGL_c78bw66tmUcxcBO9IDt
4281048_L.jpg,https://drive.google.com/uc?export=view&id=1qBq2BfLf5g69HFi3YX85PwsRUypDHJ7E
4281048_R.jpg,https://drive.google.com/uc?export=view&id=1k2EsLgFKBPn5aIaGKFTZ34BLk-o2R7Mq
4283237_L.jpg,https://drive.google.com/uc?export=view&id=1WqEFgI1oYdshll-n7S3n_Fsifq0dKczv
4283458_O_R.jpg,https://drive.google.com/uc?export=view&id=1VMVJByFwphtSbNCMij4Sz9-yGF9TTMYQ
4283458_O_L.jpg,https://drive.google.com/uc?export=view&id=1xYkcoFzU2bLjaqJC6k0Dmo4djB54CoQn
4283458_R.jpg,https://drive.google.com/uc?export=view&id=1Fs_65aymxMT36Cb0MaClLhahw70qiYwa
4283663_O_R.jpg,https://drive.google.com/uc?export=view&id=1Xf7eJcPUqyMkgiZIqa3pgVLI7In4KZMc
4283663_O_L.jpg,https://drive.google.com/uc?export=view&id=1GWPdqEhSX0ZZ9OqzkQG8DBRqaqxPRqfg
4283663_R.jpg,https://drive.google.com/uc?export=view&id=186fPi_Fnyr6bBb-HO34TsQDZuqO6Ijc6
4283663_L.jpg,https://drive.google.com/uc?export=view&id=1_Fz5Kiaz5iA5bGQqsiztbKYCNjFeLAyY
4284472_O_L.jpg,https://drive.google.com/uc?export=view&id=17BxIs0Ui2BamWe-1_JVCK25W9rsCiBRY
4284472_L.jpg,https://drive.google.com/uc?export=view&id=1TnyFy-WifO6cLypSdn5hBGGO9Dvs3sHP
4285049_L.jpg,https://drive.google.com/uc?export=view&id=1hkcI86agYG2T7etEDS5VA3HnU7z5jE3J
4285286_O_R.jpg,https://drive.google.com/uc?export=view&id=1aAckoirIUORhIu8Bnkbrec7Rb2w-4zRC
4285286_O_L.jpg,https://drive.google.com/uc?export=view&id=1AEVKdWjwkRcYlTRzoz2upYzFHyhw_R3O
4285286_R.jpg,https://drive.google.com/uc?export=view&id=17JG7BvijaEMbcb3kiTVnj-wxAX-CFY2D
4285286_L.jpg,https://drive.google.com/uc?export=view&id=1LXC0bK0wDi-roF1Bi3lUygxJhD1XpQ8U
4285338_O_L.jpg,https://drive.google.com/uc?export=view&id=1BtJqIOZslQWO9HQHdA023MgKBEWxTpkB
4285752_O_R.jpg,https://drive.google.com/uc?export=view&id=1wIx5i0cbN2emVKpr9lNr22ACN76keQD9
4285752_L.jpg,https://drive.google.com/uc?export=view&id=1Or8d8xUCk9vd01M9HlCMYMQsyNQPgccD
4285752_R.jpg,https://drive.google.com/uc?export=view&id=1h8N-8ETOPGZBj5t7-CAP6O4p4BOimrdm
4285772_O_R.jpg,https://drive.google.com/uc?export=view&id=1vTEW-42LJgUFLiZpR6wH5XGoKGHafSTS
4285772_O_L.jpg,https://drive.google.com/uc?export=view&id=1mU3UlbP8Lr-CtLpv2T2UnUhIjMr4SjQ4
4285772_R.jpg,https://drive.google.com/uc?export=view&id=18BURboBirg7xjba8b8WwFJ3dyBn5e9PV
4285772_L.jpg,https://drive.google.com/uc?export=view&id=1h3p9-whYhuDKe7ewEG-CgrUjo_vcM6UO
4286091_O_L.jpg,https://drive.google.com/uc?export=view&id=1N83BScMxhvycvN6Zc4VJgI2bCGXr05Xp
4286091_O_R.jpg,https://drive.google.com/uc?export=view&id=1zvw1m8L0fEn6doOqRAjIMFH16pO8IGk7
4286091_L.jpg,https://drive.google.com/uc?export=view&id=1eRAriyaIbBDI5CJAqlgLKo3GxIIjRSwQ
4286091_R.jpg,https://drive.google.com/uc?export=view&id=165huwFeIjZ2Z3MAALSCIYHaojGs-hkMj
4287021_O_L.jpg,https://drive.google.com/uc?export=view&id=1EvKahl_ryXEOGxma7_MPPmqpfqKqVCkH
4287021_O_R.jpg,https://drive.google.com/uc?export=view&id=1JlY9G-HWADHgsUc2D48onw2ptxQHnOrm
4287021_R.jpg,https://drive.google.com/uc?export=view&id=1-zj1Euj-dj3qiR91j5oqcSHFp-7EXSFU
4287021_L.jpg,https://drive.google.com/uc?export=view&id=1be6LuKQpWiM_0PVwMfpIj3LIG3_OvF24
4287447_O_L.jpg,https://drive.google.com/uc?export=view&id=1vD6l_YZsp19hv6acxrw1klEh46Hpt944
4288519_O_L.jpg,https://drive.google.com/uc?export=view&id=1gWk7PuDD9lJo9-aN_hk_fEj9NbNDrUIM
4288519_O_R.jpg,https://drive.google.com/uc?export=view&id=1nTg-AMbaYwGt1lN5yN7_JTlrQC1HQWIn
4288519_R.jpg,https://drive.google.com/uc?export=view&id=14pSECwXssiXE1ZNRARNeIfG_MOG_pjuE
4288519_L.jpg,https://drive.google.com/uc?export=view&id=1vcg_tvi-ouQkWwq_B69PCXvd1zTr27gP
4289418_L.jpg,https://drive.google.com/uc?export=view&id=13Q3jkoFWZ6vx3n9HI-dhJqptMZZzJsvU
4290800_O_R.jpg,https://drive.google.com/uc?export=view&id=1bVko3RcRCAx0oNT2dEXSDcinVYdO77Sv
4290800_L.jpg,https://drive.google.com/uc?export=view&id=1pteFX2TPaJWnnxuHrWcZ6widhee6jlEx
4290800_R.jpg,https://drive.google.com/uc?export=view&id=15dBFKvH3KL6dw0WmDvwcLT69k859K-qR
4291324_O_L.jpg,https://drive.google.com/uc?export=view&id=1xfl-GsFY0q_M5POhA6QtQQ_daDkvQhZi
4291324_O_R.jpg,https://drive.google.com/uc?export=view&id=1YdO8upXXBzaha589cwQTX9fzYylJwAq4
4291324_L.jpg,https://drive.google.com/uc?export=view&id=1IkyDWtXVfcIXcnJjwl_gSHkXL5ORVBHL
4291324_R.jpg,https://drive.google.com/uc?export=view&id=11gkkNI3cYTk_yqW9nz7y89Vt27XVDPr4
4292077_R.jpg,https://drive.google.com/uc?export=view&id=1v6qhD31Cs6WfGn5kRioI9OMjIdaJn08o
4292077_O_R.jpg,https://drive.google.com/uc?export=view&id=1SAzfzes3VinXmlxQrv5luekVS5B4wrpy
4292105_O_R.jpg,https://drive.google.com/uc?export=view&id=1BKty9KhN0jvZNuenflRCBJkk9Q17kqkP
4292105_L.jpg,https://drive.google.com/uc?export=view&id=1SWGAjKsKzB3LuLKtvAl-RP9iGpapRMzy
4292105_R.jpg,https://drive.google.com/uc?export=view&id=1o8BmP13l62BqyPSP_xLOZK1eHPLRcMBR
4292843_O_L.jpg,https://drive.google.com/uc?export=view&id=1ujj2RthGgvFTQax-pqPslEdCnAJSPnb7
4292843_O_R.jpg,https://drive.google.com/uc?export=view&id=1-5DglTxxfuk8Vd8Do7tN_xX60aNOnIpu
4292843_R.jpg,https://drive.google.com/uc?export=view&id=1gEwog38Yq6PZ-sNGuLHpqIQS-Hax3JIv
4292843_L.jpg,https://drive.google.com/uc?export=view&id=1nMa8g8BC9sO_wVwu8onjCDNLNGyjO7N-
4292923_O_L.jpg,https://drive.google.com/uc?export=view&id=1uA2jgNTqBAZoXTq7o-oKE9Hkh0mLgUDU
4292923_O_R.jpg,https://drive.google.com/uc?export=view&id=1dSifN8sTuwKxzp4m_qxv00Usi_S54QZY
4292923_L.jpg,https://drive.google.com/uc?export=view&id=1RLf7N_0Ld_Xm_e2pQ3aoWROI-iRYGopw
4292923_R.jpg,https://drive.google.com/uc?export=view&id=19PgFq-w5M3fbUQw27UIbYXuPMeA8HdrE
4293093_O_R.jpg,https://drive.google.com/uc?export=view&id=1XjlWDtTEW6Zd6Ns-d8W-Nrse5JU0lBg1
4293093_O_L.jpg,https://drive.google.com/uc?export=view&id=1LgijTW2CKwf0sc2A5IsHGMuHCJuricWH
4293093_R.jpg,https://drive.google.com/uc?export=view&id=1VLD15z6AzS6pZrMIk1Mf3rOENPqytD7n
4293093_L.jpg,https://drive.google.com/uc?export=view&id=1cygS1QRaEGOa2f3q-bpdGW_3gFLy_vOe
4293449_O_R.jpg,https://drive.google.com/uc?export=view&id=1dESEt5DLl4shK_e_Ox5g2W9JCX0qbVDO
4293449_O_L.jpg,https://drive.google.com/uc?export=view&id=1jnuEb-tA7Vpd2j8VK_JOEnFr7F0C7JZI
4293449_L.jpg,https://drive.google.com/uc?export=view&id=1JHZEhjJCSYp6cEXhI4SoEUWlfB6blVS4
4293449_R.jpg,https://drive.google.com/uc?export=view&id=10R0ZkOFs7Y7-zch9-O_IoE6qAIQU0Vqc
4293657_O_L.jpg,https://drive.google.com/uc?export=view&id=1z5j97IeovU6DGlpNqUWVkTy2Pug6xKzD
4293657_R.jpg,https://drive.google.com/uc?export=view&id=1e2naLqKV4fSiqP0K7bKePoaHamCOsfDZ
4293714_O_R.jpg,https://drive.google.com/uc?export=view&id=1PdEqQvRjfhfPDNQw42SEbyt3WK4KcKuw
4293714_O_L.jpg,https://drive.google.com/uc?export=view&id=1ZCAA-h64i55WYtCHvkBDnLYm9RV1laHm
4293714_R.jpg,https://drive.google.com/uc?export=view&id=1RMgKkDy7dG4tADW-vVHGwjEQ5KRjI-fD
4293714_L.jpg,https://drive.google.com/uc?export=view&id=1vC2y7o0pOr7AO_C8cdEIdSfh248o5HBW
4295071_O_L.jpg,https://drive.google.com/uc?export=view&id=1i8kDpORy-9LwNG_tT6HCqMlmQCbMWD94
4295071_R.jpg,https://drive.google.com/uc?export=view&id=1NQFBlC7EjfaAbDbj3nPVn2l4erMFNg8A
4295071_L.jpg,https://drive.google.com/uc?export=view&id=1SFzwlysZKSNgmFciRhySrslKV4vTtj2F
4295126_O_R.jpg,https://drive.google.com/uc?export=view&id=1i3Tto2B5vr_CqK855R1rzeP9ziHTHTx4
4295126_O_L.jpg,https://drive.google.com/uc?export=view&id=1-x6n70LEEnNFz1FD7DtAu8O49BtwkVSC
4295126_R.jpg,https://drive.google.com/uc?export=view&id=1EyHykZ2dHJx2y4w6qhSsfuKoTnmKKC4Y
4295316_O_R.jpg,https://drive.google.com/uc?export=view&id=1n4WYYfyn5Bzkq8QztbHr5W4fqMzpixmm
4295316_O_L.jpg,https://drive.google.com/uc?export=view&id=1j22ualt12u5ozbZ32palkuHbK6Pn8Pgy
4295316_L.jpg,https://drive.google.com/uc?export=view&id=1cWo7KRCa-gAfhWScmr6rFVLmTDQTQUjL
4295316_R.jpg,https://drive.google.com/uc?export=view&id=19t1zvbDVtHFwbgG0JFySI9xpxqwc744q
4295693_O_L.jpg,https://drive.google.com/uc?export=view&id=1UE9GmRDpRs_cEC-iYhtCm4I2KCV77l_K
4295693_O_R.jpg,https://drive.google.com/uc?export=view&id=1oi0robADXGkbybDjW82a_jSnjwkB4Fl1
4295693_R.jpg,https://drive.google.com/uc?export=view&id=1y7sWxW6mQ1xijq1-3YcarsL-M2fGOmpT
4295693_L.jpg,https://drive.google.com/uc?export=view&id=1Meg7sFlTL2ToZm3KgpFikk7jESP5nSVV
4296049_O_L.jpg,https://drive.google.com/uc?export=view&id=1zXaoHxhxv4f7ZZHyT2CKfskhRUjNB8uV
4296049_R.jpg,https://drive.google.com/uc?export=view&id=1iYuqPpBylIB334T4Y--rUcXSkCtRX0uu
4296049_L.jpg,https://drive.google.com/uc?export=view&id=16SjOpgKPVOsHspFBEDxHDUQVR6S4VN1D
4296336_O_L.jpg,https://drive.google.com/uc?export=view&id=1cjjHmbBOeChXY2S577_doshv3gxHigJZ
4296336_O_R.jpg,https://drive.google.com/uc?export=view&id=15dWOlDsP69vrF7RSGcjEyUJ4u3DfDC7P
4296336_R.jpg,https://drive.google.com/uc?export=view&id=113ife9g3r6m1xjBdIRh56YgssfZWU4Py
4296336_L.jpg,https://drive.google.com/uc?export=view&id=1Gx_zW2aB3yiBiiHUzc2a-2pAVkxugRdT
4296359_O_R.jpg,https://drive.google.com/uc?export=view&id=1CinFvUeJHhhTSpO93VD9YJCpwopjBeyC
4296359_O_L.jpg,https://drive.google.com/uc?export=view&id=1O-moji_8dRU9UdAejvj0062s_gUMCDO9
4296359_L.jpg,https://drive.google.com/uc?export=view&id=1vsAorJq8cZ9HmiX9PxOieIx13eX6li0q
4296359_R.jpg,https://drive.google.com/uc?export=view&id=1r04ocXxWyteL2Di8Y6sOj4ZEaz_wzJ8m
4297122_O_R.jpg,https://drive.google.com/uc?export=view&id=1pXOYGQIRWxJ08JjrgSg4ImTzcokdmaoV
4297122_O_L.jpg,https://drive.google.com/uc?export=view&id=1gdR4WFJyAuWLXfaE9gzE1n4z0Hx6D2sm
4297122_R.jpg,https://drive.google.com/uc?export=view&id=1nkTyMMipLdSlpk6Gu3D9zvIIDH5ExtF4
4297388_L.jpg,https://drive.google.com/uc?export=view&id=1WYf5BogqIm-4gUijXy5_DZEiAMRmkb_5
4297530_O_L.jpg,https://drive.google.com/uc?export=view&id=1e1XvZcG4C05BWaaf9aKb6408090Zi0T5
4297530_L.jpg,https://drive.google.com/uc?export=view&id=11vlYr_wGSkkZQ4eacoZv5cI969C5Otg5
4297530_O_R.jpg,https://drive.google.com/uc?export=view&id=1d1GX4il3SRPLZB0Xbk8EApGQuxV1SmBW
4297530_R.jpg,https://drive.google.com/uc?export=view&id=1QwHBxKl1FBrPpMF5SpIjkyQneKYz5rBb
4297836_O_R.jpg,https://drive.google.com/uc?export=view&id=1qoQz-3Y7R-e-b8IU12rlarm1wUwCe7-A
4297836_R.jpg,https://drive.google.com/uc?export=view&id=1bZJFWzRkRTFDQ852SZqCg4bMmYzZaez4
4297836_L.jpg,https://drive.google.com/uc?export=view&id=178EdZhjPEXUKeTCn5jAYBCXTE6QzZwG3
4304454_O_L.jpg,https://drive.google.com/uc?export=view&id=1pm4EUZXsH2CjCieUCflbkB213kmUOEPp
4304454_O_R.jpg,https://drive.google.com/uc?export=view&id=143Xa59GpKXUJQEbmgmiM9P9T9P9WXwPB
4304454_L.jpg,https://drive.google.com/uc?export=view&id=1qjyIX2k_FtGex0G2sfQr8hTbGYxcjvqf
4307178_O_R.jpg,https://drive.google.com/uc?export=view&id=1Z_he2SPw-tatsTv0BF7PvX2Nycra-5yw
4307178_O_L.jpg,https://drive.google.com/uc?export=view&id=1yda7DFdXTscvAeTcwKXQ0mtNmTacWqo7
4307178_L.jpg,https://drive.google.com/uc?export=view&id=1nyz9Y8Ac_0kmZ54qxR9oeY7bZeAQlyDM
4307178_R.jpg,https://drive.google.com/uc?export=view&id=1012XYrrLQTLjf8W9Km33dfZ_24Ih-LRp
4505851_O_L.jpg,https://drive.google.com/uc?export=view&id=1EzSbterrMT4-7IEiGzzS4D33TjZdgcxu
4505851_O_R.jpg,https://drive.google.com/uc?export=view&id=1UdedUMOwAWnNJQ2nabUdNAI_0VQ0GTBB
4505851_L.jpg,https://drive.google.com/uc?export=view&id=1dOfAJbxMb3_BcGqjtZxq6igQTn_SZWkS
4505851_R.jpg,https://drive.google.com/uc?export=view&id=1lBxFVJkltnmWeX3VkB46NkR47DfabZnB
4507031_O_R.jpg,https://drive.google.com/uc?export=view&id=1YnqAcCq-85sOLiIBwuitB8RhZVt_Mfml
4507031_O_L.jpg,https://drive.google.com/uc?export=view&id=1W9F98EJVQhCoYMGLDzKSV8oDtapMkLNm
4507031_L.jpg,https://drive.google.com/uc?export=view&id=1HPuHelI1HN7747Xrxi96GR75z873BTP_
4507031_R.jpg,https://drive.google.com/uc?export=view&id=19Erlgjus_7G-pEHC_KFlJlmasjirx5Tb
4508688_O_R.jpg,https://drive.google.com/uc?export=view&id=1BsPziKW90m5D4z2LC6WSN2McQ5FDKVB5
4508688_L.jpg,https://drive.google.com/uc?export=view&id=14HxZ0C8_Tj-PLhyCKbC8zf2mnRGIycQN
4508688_R.jpg,https://drive.google.com/uc?export=view&id=10-d4s9yhxWl-I0a3acchy2JKjN47OJvp
4514818_O_L.jpg,https://drive.google.com/uc?export=view&id=1-f7bbYah9Wk-WNIGb0b7i3OFl2ibbaTg
4514818_O_R.jpg,https://drive.google.com/uc?export=view&id=1shl0-BMdfCJp66ZRwwxXB90nxUn4rXRR
4514818_L.jpg,https://drive.google.com/uc?export=view&id=1W4RTYDyW0bqITXj0M3hnNVCj7DA0bIn_
4525553_O_R.jpg,https://drive.google.com/uc?export=view&id=1A8zEAE7T6Nc_G8eLenQWLVUeJYBEOZfm
4525553_R.jpg,https://drive.google.com/uc?export=view&id=1FSfH1nlpon_2LCv6PpGi3ig7b8rXjO5W
4700828_O_L.jpg,https://drive.google.com/uc?export=view&id=12ncsKcBPMQkH8uHk7rUMTEhM2etISVTi
4700828_O_R.jpg,https://drive.google.com/uc?export=view&id=1tW1eANInCb7sTLMXaABo9UkF4EqXRN2C
4702153_O_L.jpg,https://drive.google.com/uc?export=view&id=1yHzLvQ1384YLdBBk53Vg2Pp3sgCEaylN
4702153_R.jpg,https://drive.google.com/uc?export=view&id=1D1m-8gX1SqCCz7dj_UWg4OOuoMDVzMzF
4702153_L.jpg,https://drive.google.com/uc?export=view&id=1HaRdRc8ceUq1YeYkSZmS0pRqtx0a-NhU
4703035_O_R.jpg,https://drive.google.com/uc?export=view&id=1Y6RFPGp0Qk2ZGJTXORVSiMUhxHO9-P-E
4703035_L.jpg,https://drive.google.com/uc?export=view&id=1lZXQ5HZBRyX9Q18fg6s2-CIcyeGwCAhh
4703125_O_L.jpg,https://drive.google.com/uc?export=view&id=1Zpja5--tRAkZPtqfoh4HJq24JBMjKV6u
4703213_O_L.jpg,https://drive.google.com/uc?export=view&id=1PNBBCPZJeHX1ZTlLdzhAWGjia17On9DA
4703213_O_R.jpg,https://drive.google.com/uc?export=view&id=1XWkfCvEavSJYIUD9LaCM12MHadu9FZIB
4703213_R.jpg,https://drive.google.com/uc?export=view&id=1ddZA5h4w9o1SX-NptLzvXXStub65jwMC
4703213_L.jpg,https://drive.google.com/uc?export=view&id=1lE2jQI1VILsUEWsTl8xteAoIJsMaZ19X
4703867_O_R.jpg,https://drive.google.com/uc?export=view&id=1mwDbmHLXVtAcITdzyehKbpOtKwhELIgi
4703867_R.jpg,https://drive.google.com/uc?export=view&id=1OdFqkHILNQg4odQKkH21ynS2eBB9uHBJ
4705278_R.jpg,https://drive.google.com/uc?export=view&id=1WcRqCQFQvtka643fuZk2gWW4vI-JD8q1
4705460_O_R.jpg,https://drive.google.com/uc?export=view&id=1ECbaubQ2nu8tIVBc9J3yvnQ9pZlHP9gU
4705460_L.jpg,https://drive.google.com/uc?export=view&id=1oS30GtL2kI-2RH7qbINJgWtZVqq5YpV7
4705460_R.jpg,https://drive.google.com/uc?export=view&id=10dP9T_DJua_pfcbpcieGj2EzxNsZqMJq
4707902_O_L.jpg,https://drive.google.com/uc?export=view&id=1NicGJ61prPNIC97nCmdIsxZ3lUwYLVjE
4707902_O_R.jpg,https://drive.google.com/uc?export=view&id=1Cia4e6jAHKYfM3XbmezjBj4TgTQeD0Go
4707902_L.jpg,https://drive.google.com/uc?export=view&id=1p93kg8NR_AUNir4bVZ6OA86BQdU7mVzg
4707902_R.jpg,https://drive.google.com/uc?export=view&id=1oivznnm1c6xncuj2SkmLQv9U83y0OkmA
4708074_O_R.jpg,https://drive.google.com/uc?export=view&id=1YnQtnsT8l9H79V2vdu-w1gweGQqO8kkW
4708074_O_L.jpg,https://drive.google.com/uc?export=view&id=1QtjSkKC6XrfomTPL8lxRoxN3-Ylk7qAX
4708074_L.jpg,https://drive.google.com/uc?export=view&id=19VGRfz4KPGSoSeXsuXmx-QCo5gp9tAbj
4709782_O_R.jpg,https://drive.google.com/uc?export=view&id=1N6kUH4Tl6YS9dfyToK7qq8_7K2r5Dj54
4709782_O_L.jpg,https://drive.google.com/uc?export=view&id=1g4JTZ2-1feReGQiMwR5qbQB_NrkCAeuK
4709782_L.jpg,https://drive.google.com/uc?export=view&id=14EwQZ8XKwEqM8HvpnQbqGDYBupMK7PgU
4709782_R.jpg,https://drive.google.com/uc?export=view&id=1bRfKJYQ_bgxHHSDSNkECFubYHfGSuD-t
4710294_O_L.jpg,https://drive.google.com/uc?export=view&id=1DnSBYOUIWMHXlfvS91dJPJ4JkImhuaSq
4710294_L.jpg,https://drive.google.com/uc?export=view&id=1DeFzAEPiDyMacxygy4pZoH7fdwOVKbkv
4711581_O_R.jpg,https://drive.google.com/uc?export=view&id=1c2Dg9gO0Pfr98i_W82l470mA4eRMojC4
4711581_L.jpg,https://drive.google.com/uc?export=view&id=1n_BAsIMfX66v0tVu_xo7BPr8lcbjrIwV
4711581_R.jpg,https://drive.google.com/uc?export=view&id=17i5wjtMH_J3xTfaUCs58xm-DVF_b6sYS
